qseqid,sseqid,pident,length,mismatch,gap_open,query_start,query_end,database_start,database_end,evalue,bitscore
random_query_sequence,database,84.553,246,38,0,55,300,580572,580817,4.25e-69,254
random_query_sequence,database,87.179,39,5,0,1,39,580518,580556,1.37e-06,46.8
random_query_sequence,database,90.909,22,2,0,95,116,89412,89433,0.059,31.5
random_query_sequence,database,100.000,14,0,0,102,115,324016,324029,0.84,27.6
random_query_sequence,database,94.118,17,1,0,135,151,578164,578180,0.84,27.6
random_query_sequence,database,89.474,19,2,0,123,141,30947,30965,3.2,25.7
random_query_sequence,database,89.474,19,2,0,54,72,353352,353370,3.2,25.7
random_query_sequence,database,100.000,13,0,0,45,57,481241,481253,3.2,25.7
random_query_sequence,database,93.333,15,1,0,195,209,52673,52687,12,23.8
random_query_sequence,database,100.000,12,0,0,77,88,57204,57215,12,23.8
random_query_sequence,database,93.333,15,1,0,151,165,112357,112371,12,23.8
random_query_sequence,database,93.333,15,1,0,124,138,127869,127883,12,23.8
random_query_sequence,database,88.889,18,2,0,178,195,168875,168892,12,23.8
random_query_sequence,database,100.000,12,0,0,287,298,188193,188204,12,23.8
random_query_sequence,database,93.333,15,1,0,156,170,194720,194734,12,23.8
random_query_sequence,database,88.889,18,2,0,274,291,199573,199590,12,23.8
random_query_sequence,database,93.333,15,1,0,203,217,318313,318327,12,23.8
random_query_sequence,database,93.333,15,1,0,148,162,318650,318664,12,23.8
random_query_sequence,database,100.000,12,0,0,24,35,343947,343958,12,23.8
random_query_sequence,database,93.333,15,1,0,17,31,404123,404137,12,23.8
random_query_sequence,database,100.000,12,0,0,33,44,425739,425750,12,23.8
random_query_sequence,database,100.000,12,0,0,136,147,428259,428270,12,23.8
random_query_sequence,database,93.333,15,1,0,152,166,434333,434347,12,23.8
random_query_sequence,database,100.000,12,0,0,276,287,513326,513337,12,23.8
random_query_sequence,database,93.333,15,1,0,214,228,596006,596020,12,23.8
random_query_sequence,database,100.000,11,0,0,63,73,32281,32291,46,21.8
random_query_sequence,database,100.000,11,0,0,153,163,95670,95680,46,21.8
random_query_sequence,database,100.000,11,0,0,200,210,107289,107299,46,21.8
random_query_sequence,database,92.857,14,1,0,169,182,115327,115340,46,21.8
random_query_sequence,database,100.000,11,0,0,206,216,116121,116131,46,21.8
random_query_sequence,database,92.857,14,1,0,20,33,126521,126534,46,21.8
random_query_sequence,database,100.000,11,0,0,91,101,129658,129668,46,21.8
random_query_sequence,database,100.000,11,0,0,89,99,131139,131149,46,21.8
random_query_sequence,database,100.000,11,0,0,214,224,132526,132536,46,21.8
random_query_sequence,database,88.235,17,2,0,86,102,147586,147602,46,21.8
random_query_sequence,database,100.000,11,0,0,17,27,151581,151591,46,21.8
random_query_sequence,database,100.000,11,0,0,288,298,158070,158080,46,21.8
random_query_sequence,database,100.000,11,0,0,9,19,162099,162109,46,21.8
random_query_sequence,database,92.857,14,1,0,148,161,165206,165219,46,21.8
random_query_sequence,database,85.000,20,3,0,272,291,178700,178719,46,21.8
random_query_sequence,database,100.000,11,0,0,273,283,193902,193912,46,21.8
random_query_sequence,database,100.000,11,0,0,198,208,210560,210570,46,21.8
random_query_sequence,database,92.857,14,1,0,128,141,223663,223676,46,21.8
random_query_sequence,database,100.000,11,0,0,204,214,245437,245447,46,21.8
random_query_sequence,database,100.000,11,0,0,106,116,280478,280488,46,21.8
random_query_sequence,database,92.857,14,1,0,89,102,282851,282864,46,21.8
random_query_sequence,database,100.000,11,0,0,198,208,296300,296310,46,21.8
random_query_sequence,database,92.857,14,1,0,283,296,302889,302902,46,21.8
random_query_sequence,database,88.235,17,2,0,185,201,312575,312591,46,21.8
random_query_sequence,database,100.000,11,0,0,165,175,329743,329753,46,21.8
random_query_sequence,database,100.000,11,0,0,103,113,332660,332670,46,21.8
random_query_sequence,database,100.000,11,0,0,182,192,345906,345916,46,21.8
random_query_sequence,database,92.857,14,1,0,90,103,351540,351553,46,21.8
random_query_sequence,database,100.000,11,0,0,13,23,355028,355038,46,21.8
random_query_sequence,database,92.857,14,1,0,92,105,370815,370828,46,21.8
random_query_sequence,database,100.000,11,0,0,10,20,393818,393828,46,21.8
random_query_sequence,database,88.235,17,2,0,175,191,398438,398454,46,21.8
random_query_sequence,database,100.000,11,0,0,290,300,405587,405597,46,21.8
random_query_sequence,database,100.000,11,0,0,203,213,424040,424050,46,21.8
random_query_sequence,database,100.000,11,0,0,133,143,424066,424076,46,21.8
random_query_sequence,database,100.000,11,0,0,36,46,443064,443074,46,21.8
random_query_sequence,database,100.000,11,0,0,156,166,462803,462813,46,21.8
random_query_sequence,database,92.857,14,1,0,270,283,466741,466754,46,21.8
random_query_sequence,database,100.000,11,0,0,273,283,471069,471079,46,21.8
random_query_sequence,database,100.000,11,0,0,287,297,476198,476208,46,21.8
random_query_sequence,database,100.000,11,0,0,131,141,488153,488163,46,21.8
random_query_sequence,database,92.857,14,1,0,277,290,515836,515849,46,21.8
random_query_sequence,database,92.857,14,1,0,66,79,524724,524737,46,21.8
random_query_sequence,database,100.000,11,0,0,64,74,533189,533199,46,21.8
random_query_sequence,database,88.235,17,2,0,88,104,537889,537905,46,21.8
random_query_sequence,database,92.857,14,1,0,66,79,539160,539173,46,21.8
random_query_sequence,database,92.857,14,1,0,100,113,548893,548906,46,21.8
random_query_sequence,database,100.000,11,0,0,92,102,557407,557417,46,21.8
random_query_sequence,database,100.000,11,0,0,283,293,560648,560658,46,21.8
random_query_sequence,database,92.857,14,1,0,286,299,566528,566541,46,21.8
random_query_sequence,database,88.235,17,2,0,196,212,571129,571145,46,21.8
random_query_sequence,database,100.000,11,0,0,208,218,571832,571842,46,21.8
random_query_sequence,database,100.000,11,0,0,186,196,574654,574664,46,21.8
random_query_sequence,database,100.000,11,0,0,208,218,599110,599120,46,21.8
random_query_sequence,database,100.000,10,0,0,231,240,935,944,174,19.9
random_query_sequence,database,100.000,10,0,0,47,56,3795,3804,174,19.9
random_query_sequence,database,100.000,10,0,0,98,107,4302,4311,174,19.9
random_query_sequence,database,100.000,10,0,0,202,211,6458,6467,174,19.9
random_query_sequence,database,100.000,10,0,0,100,109,6935,6944,174,19.9
random_query_sequence,database,100.000,10,0,0,77,86,14676,14685,174,19.9
random_query_sequence,database,100.000,10,0,0,81,90,15682,15691,174,19.9
random_query_sequence,database,92.308,13,1,0,214,226,15841,15853,174,19.9
random_query_sequence,database,100.000,10,0,0,79,88,19890,19899,174,19.9
random_query_sequence,database,100.000,10,0,0,181,190,30543,30552,174,19.9
random_query_sequence,database,100.000,10,0,0,199,208,32784,32793,174,19.9
random_query_sequence,database,100.000,10,0,0,130,139,40998,41007,174,19.9
random_query_sequence,database,92.308,13,1,0,198,210,43897,43909,174,19.9
random_query_sequence,database,92.308,13,1,0,152,164,44974,44986,174,19.9
random_query_sequence,database,92.308,13,1,0,48,60,50565,50577,174,19.9
random_query_sequence,database,100.000,10,0,0,150,159,51387,51396,174,19.9
random_query_sequence,database,92.308,13,1,0,260,272,56067,56079,174,19.9
random_query_sequence,database,100.000,10,0,0,153,162,57305,57314,174,19.9
random_query_sequence,database,87.500,16,2,0,76,91,58212,58227,174,19.9
random_query_sequence,database,100.000,10,0,0,15,24,77544,77553,174,19.9
random_query_sequence,database,84.211,19,3,0,177,195,83485,83503,174,19.9
random_query_sequence,database,100.000,10,0,0,48,57,86305,86314,174,19.9
random_query_sequence,database,100.000,10,0,0,122,131,90249,90258,174,19.9
random_query_sequence,database,100.000,10,0,0,200,209,90271,90280,174,19.9
random_query_sequence,database,100.000,10,0,0,147,156,96741,96750,174,19.9
random_query_sequence,database,84.211,19,3,0,239,257,96986,97004,174,19.9
random_query_sequence,database,92.308,13,1,0,243,255,97506,97518,174,19.9
random_query_sequence,database,100.000,10,0,0,20,29,98225,98234,174,19.9
random_query_sequence,database,100.000,10,0,0,150,159,100739,100748,174,19.9
random_query_sequence,database,100.000,10,0,0,34,43,104337,104346,174,19.9
random_query_sequence,database,92.308,13,1,0,278,290,107517,107529,174,19.9
random_query_sequence,database,84.211,19,3,0,177,195,109589,109607,174,19.9
random_query_sequence,database,100.000,10,0,0,175,184,109612,109621,174,19.9
random_query_sequence,database,100.000,10,0,0,281,290,114590,114599,174,19.9
random_query_sequence,database,100.000,10,0,0,99,108,125234,125243,174,19.9
random_query_sequence,database,87.500,16,2,0,85,100,128143,128158,174,19.9
random_query_sequence,database,92.308,13,1,0,25,37,135251,135263,174,19.9
random_query_sequence,database,92.308,13,1,0,41,53,137065,137077,174,19.9
random_query_sequence,database,100.000,10,0,0,276,285,138029,138038,174,19.9
random_query_sequence,database,92.308,13,1,0,183,195,138303,138315,174,19.9
random_query_sequence,database,100.000,10,0,0,289,298,138668,138677,174,19.9
random_query_sequence,database,100.000,10,0,0,57,66,139885,139894,174,19.9
random_query_sequence,database,100.000,10,0,0,159,168,140800,140809,174,19.9
random_query_sequence,database,100.000,10,0,0,175,184,146455,146464,174,19.9
random_query_sequence,database,100.000,10,0,0,156,165,146692,146701,174,19.9
random_query_sequence,database,92.308,13,1,0,280,292,150004,150016,174,19.9
random_query_sequence,database,100.000,10,0,0,120,129,150808,150817,174,19.9
random_query_sequence,database,100.000,10,0,0,274,283,154249,154258,174,19.9
random_query_sequence,database,100.000,10,0,0,239,248,157246,157255,174,19.9
random_query_sequence,database,87.500,16,2,0,251,266,163353,163368,174,19.9
random_query_sequence,database,100.000,10,0,0,200,209,164941,164950,174,19.9
random_query_sequence,database,92.308,13,1,0,10,22,165608,165620,174,19.9
random_query_sequence,database,100.000,10,0,0,164,173,166654,166663,174,19.9
random_query_sequence,database,100.000,10,0,0,13,22,170417,170426,174,19.9
random_query_sequence,database,100.000,10,0,0,151,160,171081,171090,174,19.9
random_query_sequence,database,92.308,13,1,0,182,194,174814,174826,174,19.9
random_query_sequence,database,92.308,13,1,0,159,171,179440,179452,174,19.9
random_query_sequence,database,92.308,13,1,0,286,298,182111,182123,174,19.9
random_query_sequence,database,92.308,13,1,0,200,212,186097,186109,174,19.9
random_query_sequence,database,100.000,10,0,0,203,212,186504,186513,174,19.9
random_query_sequence,database,100.000,10,0,0,132,141,198301,198310,174,19.9
random_query_sequence,database,92.308,13,1,0,218,230,205390,205402,174,19.9
random_query_sequence,database,84.211,19,3,0,205,223,208052,208070,174,19.9
random_query_sequence,database,84.211,19,3,0,158,176,213141,213159,174,19.9
random_query_sequence,database,92.308,13,1,0,210,222,215268,215280,174,19.9
random_query_sequence,database,84.211,19,3,0,273,291,215563,215581,174,19.9
random_query_sequence,database,100.000,10,0,0,178,187,222418,222427,174,19.9
random_query_sequence,database,100.000,10,0,0,175,184,223380,223389,174,19.9
random_query_sequence,database,92.308,13,1,0,130,142,229693,229705,174,19.9
random_query_sequence,database,100.000,10,0,0,225,234,230356,230365,174,19.9
random_query_sequence,database,100.000,10,0,0,45,54,234743,234752,174,19.9
random_query_sequence,database,100.000,10,0,0,87,96,235113,235122,174,19.9
random_query_sequence,database,100.000,10,0,0,15,24,245565,245574,174,19.9
random_query_sequence,database,92.308,13,1,0,130,142,255443,255455,174,19.9
random_query_sequence,database,100.000,10,0,0,269,278,258427,258436,174,19.9
random_query_sequence,database,100.000,10,0,0,133,142,259723,259732,174,19.9
random_query_sequence,database,100.000,10,0,0,180,189,264167,264176,174,19.9
random_query_sequence,database,100.000,10,0,0,203,212,266084,266093,174,19.9
random_query_sequence,database,100.000,10,0,0,203,212,268344,268353,174,19.9
random_query_sequence,database,100.000,10,0,0,287,296,280992,281001,174,19.9
random_query_sequence,database,92.308,13,1,0,152,164,281346,281358,174,19.9
random_query_sequence,database,100.000,10,0,0,212,221,282775,282784,174,19.9
random_query_sequence,database,87.500,16,2,0,66,81,283477,283492,174,19.9
random_query_sequence,database,100.000,10,0,0,175,184,287715,287724,174,19.9
random_query_sequence,database,100.000,10,0,0,287,296,291302,291311,174,19.9
random_query_sequence,database,100.000,10,0,0,175,184,295695,295704,174,19.9
random_query_sequence,database,100.000,10,0,0,284,293,306217,306226,174,19.9
random_query_sequence,database,100.000,10,0,0,12,21,311897,311906,174,19.9
random_query_sequence,database,100.000,10,0,0,205,214,312484,312493,174,19.9
random_query_sequence,database,92.308,13,1,0,201,213,315908,315920,174,19.9
random_query_sequence,database,100.000,10,0,0,133,142,318628,318637,174,19.9
random_query_sequence,database,92.308,13,1,0,273,285,319118,319130,174,19.9
random_query_sequence,database,100.000,10,0,0,277,286,323167,323176,174,19.9
random_query_sequence,database,92.308,13,1,0,20,32,323995,324007,174,19.9
random_query_sequence,database,100.000,10,0,0,274,283,324611,324620,174,19.9
random_query_sequence,database,100.000,10,0,0,159,168,326177,326186,174,19.9
random_query_sequence,database,100.000,10,0,0,77,86,328689,328698,174,19.9
random_query_sequence,database,92.308,13,1,0,21,33,337170,337182,174,19.9
random_query_sequence,database,100.000,10,0,0,204,213,347293,347302,174,19.9
random_query_sequence,database,100.000,10,0,0,209,218,352395,352404,174,19.9
random_query_sequence,database,100.000,10,0,0,271,280,356107,356116,174,19.9
random_query_sequence,database,100.000,10,0,0,210,219,356466,356475,174,19.9
random_query_sequence,database,100.000,10,0,0,173,182,360485,360494,174,19.9
random_query_sequence,database,100.000,10,0,0,271,280,364258,364267,174,19.9
random_query_sequence,database,92.308,13,1,0,223,235,373107,373119,174,19.9
random_query_sequence,database,100.000,10,0,0,64,73,378244,378253,174,19.9
random_query_sequence,database,100.000,10,0,0,282,291,386366,386375,174,19.9
random_query_sequence,database,92.308,13,1,0,285,297,396226,396238,174,19.9
random_query_sequence,database,100.000,10,0,0,203,212,402954,402963,174,19.9
random_query_sequence,database,100.000,10,0,0,284,293,403255,403264,174,19.9
random_query_sequence,database,100.000,10,0,0,275,284,411953,411962,174,19.9
random_query_sequence,database,100.000,10,0,0,203,212,415590,415599,174,19.9
random_query_sequence,database,87.500,16,2,0,130,145,422718,422733,174,19.9
random_query_sequence,database,100.000,10,0,0,272,281,429278,429287,174,19.9
random_query_sequence,database,100.000,10,0,0,150,159,430735,430744,174,19.9
random_query_sequence,database,100.000,10,0,0,175,184,448145,448154,174,19.9
random_query_sequence,database,100.000,10,0,0,262,271,449760,449769,174,19.9
random_query_sequence,database,92.308,13,1,0,218,230,452998,453010,174,19.9
random_query_sequence,database,100.000,10,0,0,9,18,454149,454158,174,19.9
random_query_sequence,database,92.308,13,1,0,224,236,454217,454229,174,19.9
random_query_sequence,database,100.000,10,0,0,153,162,458923,458932,174,19.9
random_query_sequence,database,100.000,10,0,0,134,143,460845,460854,174,19.9
random_query_sequence,database,100.000,10,0,0,135,144,463933,463942,174,19.9
random_query_sequence,database,100.000,10,0,0,205,214,465573,465582,174,19.9
random_query_sequence,database,100.000,10,0,0,133,142,466507,466516,174,19.9
random_query_sequence,database,92.308,13,1,0,176,188,467555,467567,174,19.9
random_query_sequence,database,92.308,13,1,0,201,213,468459,468471,174,19.9
random_query_sequence,database,92.308,13,1,0,262,274,468880,468892,174,19.9
random_query_sequence,database,92.308,13,1,0,264,276,473044,473056,174,19.9
random_query_sequence,database,92.308,13,1,0,147,159,476492,476504,174,19.9
random_query_sequence,database,100.000,10,0,0,270,279,478330,478339,174,19.9
random_query_sequence,database,100.000,10,0,0,105,114,480392,480401,174,19.9
random_query_sequence,database,100.000,10,0,0,287,296,480510,480519,174,19.9
random_query_sequence,database,92.308,13,1,0,201,213,480602,480614,174,19.9
random_query_sequence,database,100.000,10,0,0,178,187,483971,483980,174,19.9
random_query_sequence,database,100.000,10,0,0,175,184,490751,490760,174,19.9
random_query_sequence,database,100.000,10,0,0,9,18,503547,503556,174,19.9
random_query_sequence,database,84.211,19,3,0,149,167,506467,506485,174,19.9
random_query_sequence,database,100.000,10,0,0,267,276,507536,507545,174,19.9
random_query_sequence,database,100.000,10,0,0,273,282,514514,514523,174,19.9
random_query_sequence,database,92.308,13,1,0,285,297,515340,515352,174,19.9
random_query_sequence,database,100.000,10,0,0,282,291,516355,516364,174,19.9
random_query_sequence,database,92.308,13,1,0,285,297,521447,521459,174,19.9
random_query_sequence,database,100.000,10,0,0,203,212,522183,522192,174,19.9
random_query_sequence,database,100.000,10,0,0,203,212,523124,523133,174,19.9
random_query_sequence,database,100.000,10,0,0,203,212,525074,525083,174,19.9
random_query_sequence,database,100.000,10,0,0,19,28,525564,525573,174,19.9
random_query_sequence,database,87.500,16,2,0,285,300,526336,526351,174,19.9
random_query_sequence,database,100.000,10,0,0,232,241,532008,532017,174,19.9
random_query_sequence,database,100.000,10,0,0,202,211,534425,534434,174,19.9
random_query_sequence,database,100.000,10,0,0,274,283,538513,538522,174,19.9
random_query_sequence,database,100.000,10,0,0,150,159,539319,539328,174,19.9
random_query_sequence,database,100.000,10,0,0,217,226,542928,542937,174,19.9
random_query_sequence,database,87.500,16,2,0,208,223,543995,544010,174,19.9
random_query_sequence,database,92.308,13,1,0,54,66,546599,546611,174,19.9
random_query_sequence,database,100.000,10,0,0,45,54,547193,547202,174,19.9
random_query_sequence,database,100.000,10,0,0,95,104,548539,548548,174,19.9
random_query_sequence,database,100.000,10,0,0,282,291,550306,550315,174,19.9
random_query_sequence,database,100.000,10,0,0,272,281,552507,552516,174,19.9
random_query_sequence,database,100.000,10,0,0,230,239,552855,552864,174,19.9
random_query_sequence,database,100.000,10,0,0,277,286,554109,554118,174,19.9
random_query_sequence,database,100.000,10,0,0,287,296,554604,554613,174,19.9
random_query_sequence,database,100.000,10,0,0,270,279,555121,555130,174,19.9
random_query_sequence,database,100.000,10,0,0,147,156,562380,562389,174,19.9
random_query_sequence,database,87.500,16,2,0,176,191,562582,562597,174,19.9
random_query_sequence,database,100.000,10,0,0,198,207,564619,564628,174,19.9
random_query_sequence,database,92.308,13,1,0,285,297,565214,565226,174,19.9
random_query_sequence,database,100.000,10,0,0,15,24,567523,567532,174,19.9
random_query_sequence,database,100.000,10,0,0,277,286,569167,569176,174,19.9
random_query_sequence,database,100.000,10,0,0,287,296,569645,569654,174,19.9
random_query_sequence,database,100.000,10,0,0,163,172,576276,576285,174,19.9
random_query_sequence,database,100.000,10,0,0,212,221,577169,577178,174,19.9
random_query_sequence,database,92.308,13,1,0,176,188,578420,578432,174,19.9
random_query_sequence,database,100.000,10,0,0,202,211,578720,578729,174,19.9
random_query_sequence,database,100.000,10,0,0,280,289,584724,584733,174,19.9
random_query_sequence,database,92.308,13,1,0,184,196,586439,586451,174,19.9
random_query_sequence,database,100.000,10,0,0,198,207,586667,586676,174,19.9
random_query_sequence,database,100.000,10,0,0,213,222,586884,586893,174,19.9
random_query_sequence,database,100.000,10,0,0,132,141,586926,586935,174,19.9
random_query_sequence,database,100.000,10,0,0,15,24,589351,589360,174,19.9
random_query_sequence,database,100.000,10,0,0,201,210,590535,590544,174,19.9
random_query_sequence,database,100.000,10,0,0,270,279,591274,591283,174,19.9
random_query_sequence,database,100.000,10,0,0,199,208,592704,592713,174,19.9
random_query_sequence,database,100.000,10,0,0,63,72,593095,593104,174,19.9
random_query_sequence,database,100.000,9,0,0,269,277,966,974,659,18.0
random_query_sequence,database,100.000,9,0,0,231,239,1182,1190,659,18.0
random_query_sequence,database,100.000,9,0,0,136,144,1647,1655,659,18.0
random_query_sequence,database,100.000,9,0,0,199,207,2244,2252,659,18.0
random_query_sequence,database,100.000,9,0,0,199,207,3095,3103,659,18.0
random_query_sequence,database,100.000,9,0,0,88,96,5206,5214,659,18.0
random_query_sequence,database,91.667,12,1,0,196,207,6210,6221,659,18.0
random_query_sequence,database,100.000,9,0,0,64,72,7782,7790,659,18.0
random_query_sequence,database,100.000,9,0,0,203,211,7893,7901,659,18.0
random_query_sequence,database,100.000,9,0,0,222,230,8137,8145,659,18.0
random_query_sequence,database,100.000,9,0,0,218,226,8157,8165,659,18.0
random_query_sequence,database,100.000,9,0,0,89,97,14106,14114,659,18.0
random_query_sequence,database,100.000,9,0,0,216,224,15783,15791,659,18.0
random_query_sequence,database,100.000,9,0,0,199,207,15798,15806,659,18.0
random_query_sequence,database,100.000,9,0,0,41,49,16646,16654,659,18.0
random_query_sequence,database,100.000,9,0,0,284,292,18395,18403,659,18.0
random_query_sequence,database,100.000,9,0,0,89,97,19774,19782,659,18.0
random_query_sequence,database,100.000,9,0,0,153,161,22083,22091,659,18.0
random_query_sequence,database,100.000,9,0,0,136,144,22781,22789,659,18.0
random_query_sequence,database,100.000,9,0,0,285,293,24254,24262,659,18.0
random_query_sequence,database,100.000,9,0,0,42,50,26002,26010,659,18.0
random_query_sequence,database,86.667,15,2,0,265,279,26115,26129,659,18.0
random_query_sequence,database,100.000,9,0,0,103,111,26591,26599,659,18.0
random_query_sequence,database,100.000,9,0,0,65,73,30203,30211,659,18.0
random_query_sequence,database,100.000,9,0,0,216,224,36086,36094,659,18.0
random_query_sequence,database,100.000,9,0,0,292,300,36642,36650,659,18.0
random_query_sequence,database,100.000,9,0,0,133,141,37627,37635,659,18.0
random_query_sequence,database,100.000,9,0,0,160,168,39061,39069,659,18.0
random_query_sequence,database,100.000,9,0,0,217,225,43756,43764,659,18.0
random_query_sequence,database,100.000,9,0,0,67,75,44563,44571,659,18.0
random_query_sequence,database,100.000,9,0,0,92,100,45404,45412,659,18.0
random_query_sequence,database,83.333,18,3,0,280,297,47305,47322,659,18.0
random_query_sequence,database,100.000,9,0,0,85,93,47969,47977,659,18.0
random_query_sequence,database,91.667,12,1,0,188,199,49236,49247,659,18.0
random_query_sequence,database,100.000,9,0,0,136,144,49743,49751,659,18.0
random_query_sequence,database,86.667,15,2,0,56,70,49986,50000,659,18.0
random_query_sequence,database,100.000,9,0,0,117,125,50401,50409,659,18.0
random_query_sequence,database,100.000,9,0,0,117,125,50401,50409,659,18.0
random_query_sequence,database,100.000,9,0,0,76,84,53989,53997,659,18.0
random_query_sequence,database,86.667,15,2,0,9,23,53998,54012,659,18.0
random_query_sequence,database,100.000,9,0,0,77,85,54740,54748,659,18.0
random_query_sequence,database,100.000,9,0,0,46,54,54765,54773,659,18.0
random_query_sequence,database,91.667,12,1,0,41,52,55025,55036,659,18.0
random_query_sequence,database,91.667,12,1,0,165,176,56707,56718,659,18.0
random_query_sequence,database,100.000,9,0,0,60,68,57775,57783,659,18.0
random_query_sequence,database,100.000,9,0,0,202,210,58242,58250,659,18.0
random_query_sequence,database,100.000,9,0,0,22,30,58340,58348,659,18.0
random_query_sequence,database,100.000,9,0,0,206,214,58584,58592,659,18.0
random_query_sequence,database,100.000,9,0,0,175,183,59001,59009,659,18.0
random_query_sequence,database,100.000,9,0,0,200,208,61861,61869,659,18.0
random_query_sequence,database,100.000,9,0,0,238,246,61941,61949,659,18.0
random_query_sequence,database,91.667,12,1,0,287,298,63480,63491,659,18.0
random_query_sequence,database,100.000,9,0,0,57,65,66720,66728,659,18.0
random_query_sequence,database,100.000,9,0,0,26,34,68632,68640,659,18.0
random_query_sequence,database,100.000,9,0,0,205,213,69063,69071,659,18.0
random_query_sequence,database,91.667,12,1,0,102,113,69255,69266,659,18.0
random_query_sequence,database,100.000,9,0,0,172,180,70725,70733,659,18.0
random_query_sequence,database,100.000,9,0,0,49,57,71742,71750,659,18.0
random_query_sequence,database,100.000,9,0,0,246,254,71985,71993,659,18.0
random_query_sequence,database,100.000,9,0,0,198,206,72323,72331,659,18.0
random_query_sequence,database,100.000,9,0,0,204,212,74233,74241,659,18.0
random_query_sequence,database,100.000,9,0,0,80,88,74609,74617,659,18.0
random_query_sequence,database,100.000,9,0,0,201,209,75936,75944,659,18.0
random_query_sequence,database,91.667,12,1,0,242,253,77287,77298,659,18.0
random_query_sequence,database,91.667,12,1,0,54,65,77609,77620,659,18.0
random_query_sequence,database,100.000,9,0,0,97,105,77667,77675,659,18.0
random_query_sequence,database,86.667,15,2,0,129,143,77944,77958,659,18.0
random_query_sequence,database,91.667,12,1,0,195,206,80094,80105,659,18.0
random_query_sequence,database,100.000,9,0,0,202,210,80238,80246,659,18.0
random_query_sequence,database,100.000,9,0,0,206,214,81650,81658,659,18.0
random_query_sequence,database,91.667,12,1,0,192,203,81656,81667,659,18.0
random_query_sequence,database,100.000,9,0,0,283,291,81923,81931,659,18.0
random_query_sequence,database,100.000,9,0,0,178,186,82714,82722,659,18.0
random_query_sequence,database,100.000,9,0,0,63,71,83093,83101,659,18.0
random_query_sequence,database,100.000,9,0,0,16,24,83175,83183,659,18.0
random_query_sequence,database,91.667,12,1,0,175,186,83788,83799,659,18.0
random_query_sequence,database,100.000,9,0,0,173,181,83948,83956,659,18.0
random_query_sequence,database,91.667,12,1,0,193,204,84184,84195,659,18.0
random_query_sequence,database,91.667,12,1,0,238,249,84356,84367,659,18.0
random_query_sequence,database,100.000,9,0,0,207,215,84610,84618,659,18.0
random_query_sequence,database,91.667,12,1,0,157,168,84878,84889,659,18.0
random_query_sequence,database,100.000,9,0,0,119,127,85517,85525,659,18.0
random_query_sequence,database,100.000,9,0,0,179,187,86530,86538,659,18.0
random_query_sequence,database,100.000,9,0,0,65,73,88532,88540,659,18.0
random_query_sequence,database,100.000,9,0,0,89,97,90069,90077,659,18.0
random_query_sequence,database,86.667,15,2,0,251,265,90211,90225,659,18.0
random_query_sequence,database,86.667,15,2,0,109,123,90697,90711,659,18.0
random_query_sequence,database,100.000,9,0,0,202,210,91432,91440,659,18.0
random_query_sequence,database,100.000,9,0,0,96,104,91487,91495,659,18.0
random_query_sequence,database,100.000,9,0,0,89,97,91739,91747,659,18.0
random_query_sequence,database,91.667,12,1,0,9,20,92219,92230,659,18.0
random_query_sequence,database,100.000,9,0,0,285,293,92221,92229,659,18.0
random_query_sequence,database,100.000,9,0,0,198,206,93972,93980,659,18.0
random_query_sequence,database,100.000,9,0,0,204,212,95497,95505,659,18.0
random_query_sequence,database,100.000,9,0,0,208,216,97252,97260,659,18.0
random_query_sequence,database,100.000,9,0,0,279,287,99706,99714,659,18.0
random_query_sequence,database,100.000,9,0,0,160,168,101346,101354,659,18.0
random_query_sequence,database,100.000,9,0,0,151,159,102246,102254,659,18.0
random_query_sequence,database,91.667,12,1,0,165,176,104257,104268,659,18.0
random_query_sequence,database,91.667,12,1,0,21,32,105084,105095,659,18.0
random_query_sequence,database,100.000,9,0,0,272,280,105318,105326,659,18.0
random_query_sequence,database,100.000,9,0,0,178,186,105796,105804,659,18.0
random_query_sequence,database,100.000,9,0,0,98,106,105801,105809,659,18.0
random_query_sequence,database,100.000,9,0,0,199,207,105871,105879,659,18.0
random_query_sequence,database,91.667,12,1,0,175,186,106992,107003,659,18.0
random_query_sequence,database,100.000,9,0,0,200,208,107141,107149,659,18.0
random_query_sequence,database,100.000,9,0,0,47,55,107327,107335,659,18.0
random_query_sequence,database,100.000,9,0,0,22,30,107757,107765,659,18.0
random_query_sequence,database,100.000,9,0,0,199,207,108446,108454,659,18.0
random_query_sequence,database,100.000,9,0,0,22,30,113033,113041,659,18.0
random_query_sequence,database,100.000,9,0,0,82,90,113250,113258,659,18.0
random_query_sequence,database,91.667,12,1,0,287,298,113697,113708,659,18.0
random_query_sequence,database,100.000,9,0,0,209,217,113745,113753,659,18.0
random_query_sequence,database,100.000,9,0,0,202,210,115453,115461,659,18.0
random_query_sequence,database,100.000,9,0,0,95,103,116536,116544,659,18.0
random_query_sequence,database,91.667,12,1,0,170,181,116878,116889,659,18.0
random_query_sequence,database,86.667,15,2,0,204,218,118026,118040,659,18.0
random_query_sequence,database,100.000,9,0,0,65,73,119262,119270,659,18.0
random_query_sequence,database,91.667,12,1,0,22,33,119558,119569,659,18.0
random_query_sequence,database,91.667,12,1,0,21,32,121110,121121,659,18.0
random_query_sequence,database,100.000,9,0,0,257,265,124627,124635,659,18.0
random_query_sequence,database,100.000,9,0,0,27,35,124708,124716,659,18.0
random_query_sequence,database,100.000,9,0,0,159,167,126889,126897,659,18.0
random_query_sequence,database,100.000,9,0,0,21,29,127769,127777,659,18.0
random_query_sequence,database,100.000,9,0,0,42,50,128213,128221,659,18.0
random_query_sequence,database,86.667,15,2,0,77,91,128228,128242,659,18.0
random_query_sequence,database,100.000,9,0,0,107,115,128366,128374,659,18.0
random_query_sequence,database,100.000,9,0,0,30,38,128931,128939,659,18.0
random_query_sequence,database,100.000,9,0,0,81,89,129663,129671,659,18.0
random_query_sequence,database,91.667,12,1,0,49,60,131686,131697,659,18.0
random_query_sequence,database,83.333,18,3,0,283,300,132042,132059,659,18.0
random_query_sequence,database,100.000,9,0,0,176,184,133603,133611,659,18.0
random_query_sequence,database,100.000,9,0,0,289,297,136100,136108,659,18.0
random_query_sequence,database,100.000,9,0,0,76,84,136489,136497,659,18.0
random_query_sequence,database,100.000,9,0,0,10,18,136553,136561,659,18.0
random_query_sequence,database,100.000,9,0,0,273,281,136885,136893,659,18.0
random_query_sequence,database,91.667,12,1,0,273,284,138044,138055,659,18.0
random_query_sequence,database,91.667,12,1,0,16,27,139787,139798,659,18.0
random_query_sequence,database,100.000,9,0,0,60,68,141178,141186,659,18.0
random_query_sequence,database,100.000,9,0,0,287,295,142042,142050,659,18.0
random_query_sequence,database,100.000,9,0,0,199,207,142517,142525,659,18.0
random_query_sequence,database,91.667,12,1,0,208,219,143909,143920,659,18.0
random_query_sequence,database,100.000,9,0,0,284,292,144391,144399,659,18.0
random_query_sequence,database,100.000,9,0,0,202,210,144575,144583,659,18.0
random_query_sequence,database,91.667,12,1,0,175,186,144835,144846,659,18.0
random_query_sequence,database,100.000,9,0,0,202,210,144863,144871,659,18.0
random_query_sequence,database,100.000,9,0,0,136,144,145311,145319,659,18.0
random_query_sequence,database,100.000,9,0,0,7,15,145358,145366,659,18.0
random_query_sequence,database,100.000,9,0,0,89,97,146248,146256,659,18.0
random_query_sequence,database,100.000,9,0,0,223,231,147493,147501,659,18.0
random_query_sequence,database,100.000,9,0,0,125,133,147498,147506,659,18.0
random_query_sequence,database,86.667,15,2,0,140,154,147924,147938,659,18.0
random_query_sequence,database,100.000,9,0,0,201,209,148270,148278,659,18.0
random_query_sequence,database,100.000,9,0,0,246,254,148730,148738,659,18.0
random_query_sequence,database,91.667,12,1,0,282,293,148940,148951,659,18.0
random_query_sequence,database,100.000,9,0,0,47,55,149848,149856,659,18.0
random_query_sequence,database,100.000,9,0,0,16,24,151565,151573,659,18.0
random_query_sequence,database,100.000,9,0,0,231,239,151713,151721,659,18.0
random_query_sequence,database,100.000,9,0,0,273,281,153516,153524,659,18.0
random_query_sequence,database,100.000,9,0,0,94,102,154464,154472,659,18.0
random_query_sequence,database,91.667,12,1,0,170,181,155345,155356,659,18.0
random_query_sequence,database,100.000,9,0,0,274,282,155949,155957,659,18.0
random_query_sequence,database,100.000,9,0,0,200,208,156852,156860,659,18.0
random_query_sequence,database,80.952,21,4,0,193,213,157055,157075,659,18.0
random_query_sequence,database,91.667,12,1,0,203,214,158082,158093,659,18.0
random_query_sequence,database,100.000,9,0,0,137,145,158865,158873,659,18.0
random_query_sequence,database,100.000,9,0,0,44,52,160108,160116,659,18.0
random_query_sequence,database,100.000,9,0,0,91,99,160363,160371,659,18.0
random_query_sequence,database,100.000,9,0,0,150,158,160382,160390,659,18.0
random_query_sequence,database,86.667,15,2,0,155,169,160938,160952,659,18.0
random_query_sequence,database,100.000,9,0,0,136,144,162082,162090,659,18.0
random_query_sequence,database,100.000,9,0,0,155,163,162136,162144,659,18.0
random_query_sequence,database,86.667,15,2,0,204,218,162202,162216,659,18.0
random_query_sequence,database,100.000,9,0,0,96,104,162639,162647,659,18.0
random_query_sequence,database,86.667,15,2,0,205,219,163419,163433,659,18.0
random_query_sequence,database,100.000,9,0,0,250,258,163647,163655,659,18.0
random_query_sequence,database,86.667,15,2,0,240,254,163705,163719,659,18.0
random_query_sequence,database,100.000,9,0,0,79,87,164022,164030,659,18.0
random_query_sequence,database,100.000,9,0,0,95,103,164413,164421,659,18.0
random_query_sequence,database,100.000,9,0,0,251,259,165200,165208,659,18.0
random_query_sequence,database,100.000,9,0,0,7,15,165669,165677,659,18.0
random_query_sequence,database,91.667,12,1,0,16,27,166392,166403,659,18.0
random_query_sequence,database,100.000,9,0,0,19,27,166462,166470,659,18.0
random_query_sequence,database,100.000,9,0,0,176,184,166673,166681,659,18.0
random_query_sequence,database,100.000,9,0,0,188,196,167019,167027,659,18.0
random_query_sequence,database,91.667,12,1,0,19,30,167298,167309,659,18.0
random_query_sequence,database,100.000,9,0,0,79,87,169433,169441,659,18.0
random_query_sequence,database,91.667,12,1,0,248,259,170268,170279,659,18.0
random_query_sequence,database,91.667,12,1,0,284,295,170337,170348,659,18.0
random_query_sequence,database,100.000,9,0,0,147,155,170426,170434,659,18.0
random_query_sequence,database,100.000,9,0,0,157,165,170716,170724,659,18.0
random_query_sequence,database,100.000,9,0,0,209,217,173022,173030,659,18.0
random_query_sequence,database,91.667,12,1,0,18,29,173421,173432,659,18.0
random_query_sequence,database,100.000,9,0,0,242,250,173550,173558,659,18.0
random_query_sequence,database,100.000,9,0,0,272,280,174287,174295,659,18.0
random_query_sequence,database,100.000,9,0,0,279,287,174391,174399,659,18.0
random_query_sequence,database,100.000,9,0,0,251,259,174405,174413,659,18.0
random_query_sequence,database,91.667,12,1,0,131,142,175201,175212,659,18.0
random_query_sequence,database,100.000,9,0,0,147,155,175349,175357,659,18.0
random_query_sequence,database,100.000,9,0,0,164,172,175522,175530,659,18.0
random_query_sequence,database,100.000,9,0,0,203,211,177323,177331,659,18.0
random_query_sequence,database,91.667,12,1,0,75,86,177826,177837,659,18.0
random_query_sequence,database,100.000,9,0,0,275,283,178178,178186,659,18.0
random_query_sequence,database,91.667,12,1,0,276,287,178543,178554,659,18.0
random_query_sequence,database,100.000,9,0,0,134,142,178815,178823,659,18.0
random_query_sequence,database,100.000,9,0,0,202,210,179122,179130,659,18.0
random_query_sequence,database,100.000,9,0,0,180,188,180954,180962,659,18.0
random_query_sequence,database,100.000,9,0,0,64,72,181039,181047,659,18.0
random_query_sequence,database,91.667,12,1,0,203,214,181207,181218,659,18.0
random_query_sequence,database,100.000,9,0,0,259,267,181280,181288,659,18.0
random_query_sequence,database,100.000,9,0,0,164,172,182287,182295,659,18.0
random_query_sequence,database,100.000,9,0,0,11,19,182803,182811,659,18.0
random_query_sequence,database,100.000,9,0,0,287,295,183650,183658,659,18.0
random_query_sequence,database,91.667,12,1,0,131,142,183900,183911,659,18.0
random_query_sequence,database,100.000,9,0,0,204,212,183997,184005,659,18.0
random_query_sequence,database,100.000,9,0,0,280,288,184174,184182,659,18.0
random_query_sequence,database,91.667,12,1,0,159,170,184278,184289,659,18.0
random_query_sequence,database,100.000,9,0,0,203,211,184938,184946,659,18.0
random_query_sequence,database,100.000,9,0,0,285,293,184970,184978,659,18.0
random_query_sequence,database,100.000,9,0,0,204,212,185600,185608,659,18.0
random_query_sequence,database,100.000,9,0,0,250,258,186557,186565,659,18.0
random_query_sequence,database,100.000,9,0,0,64,72,186994,187002,659,18.0
random_query_sequence,database,91.667,12,1,0,131,142,187737,187748,659,18.0
random_query_sequence,database,91.667,12,1,0,201,212,188111,188122,659,18.0
random_query_sequence,database,100.000,9,0,0,196,204,188715,188723,659,18.0
random_query_sequence,database,100.000,9,0,0,270,278,191344,191352,659,18.0
random_query_sequence,database,100.000,9,0,0,269,277,192319,192327,659,18.0
random_query_sequence,database,91.667,12,1,0,19,30,192698,192709,659,18.0
random_query_sequence,database,100.000,9,0,0,181,189,192855,192863,659,18.0
random_query_sequence,database,100.000,9,0,0,205,213,193314,193322,659,18.0
random_query_sequence,database,91.667,12,1,0,280,291,194338,194349,659,18.0
random_query_sequence,database,100.000,9,0,0,7,15,196543,196551,659,18.0
random_query_sequence,database,100.000,9,0,0,241,249,197031,197039,659,18.0
random_query_sequence,database,100.000,9,0,0,284,292,198392,198400,659,18.0
random_query_sequence,database,91.667,12,1,0,177,188,199336,199347,659,18.0
random_query_sequence,database,100.000,9,0,0,136,144,199341,199349,659,18.0
random_query_sequence,database,91.667,12,1,0,245,256,200231,200242,659,18.0
random_query_sequence,database,91.667,12,1,0,206,217,200337,200348,659,18.0
random_query_sequence,database,100.000,9,0,0,163,171,200655,200663,659,18.0
random_query_sequence,database,100.000,9,0,0,77,85,200756,200764,659,18.0
random_query_sequence,database,100.000,9,0,0,96,104,201663,201671,659,18.0
random_query_sequence,database,100.000,9,0,0,198,206,201948,201956,659,18.0
random_query_sequence,database,86.667,15,2,0,198,212,202648,202662,659,18.0
random_query_sequence,database,100.000,9,0,0,245,253,203626,203634,659,18.0
random_query_sequence,database,100.000,9,0,0,203,211,204088,204096,659,18.0
random_query_sequence,database,100.000,9,0,0,140,148,204741,204749,659,18.0
random_query_sequence,database,91.667,12,1,0,173,184,205488,205499,659,18.0
random_query_sequence,database,100.000,9,0,0,202,210,206349,206357,659,18.0
random_query_sequence,database,91.667,12,1,0,236,247,206378,206389,659,18.0
random_query_sequence,database,91.667,12,1,0,282,293,206432,206443,659,18.0
random_query_sequence,database,91.667,12,1,0,200,211,207441,207452,659,18.0
random_query_sequence,database,100.000,9,0,0,206,214,207470,207478,659,18.0
random_query_sequence,database,91.667,12,1,0,184,195,207600,207611,659,18.0
random_query_sequence,database,91.667,12,1,0,269,280,208167,208178,659,18.0
random_query_sequence,database,100.000,9,0,0,291,299,208537,208545,659,18.0
random_query_sequence,database,100.000,9,0,0,272,280,210505,210513,659,18.0
random_query_sequence,database,100.000,9,0,0,164,172,212771,212779,659,18.0
random_query_sequence,database,100.000,9,0,0,286,294,214088,214096,659,18.0
random_query_sequence,database,100.000,9,0,0,202,210,214124,214132,659,18.0
random_query_sequence,database,100.000,9,0,0,84,92,214804,214812,659,18.0
random_query_sequence,database,91.667,12,1,0,97,108,217033,217044,659,18.0
random_query_sequence,database,100.000,9,0,0,247,255,218457,218465,659,18.0
random_query_sequence,database,100.000,9,0,0,176,184,219287,219295,659,18.0
random_query_sequence,database,91.667,12,1,0,248,259,219451,219462,659,18.0
random_query_sequence,database,100.000,9,0,0,131,139,219513,219521,659,18.0
random_query_sequence,database,100.000,9,0,0,155,163,220406,220414,659,18.0
random_query_sequence,database,100.000,9,0,0,145,153,220773,220781,659,18.0
random_query_sequence,database,86.667,15,2,0,176,190,220847,220861,659,18.0
random_query_sequence,database,91.667,12,1,0,179,190,221739,221750,659,18.0
random_query_sequence,database,100.000,9,0,0,165,173,223323,223331,659,18.0
random_query_sequence,database,86.667,15,2,0,82,96,223796,223810,659,18.0
random_query_sequence,database,100.000,9,0,0,10,18,224286,224294,659,18.0
random_query_sequence,database,100.000,9,0,0,213,221,228252,228260,659,18.0
random_query_sequence,database,100.000,9,0,0,213,221,228252,228260,659,18.0
random_query_sequence,database,100.000,9,0,0,271,279,229169,229177,659,18.0
random_query_sequence,database,100.000,9,0,0,176,184,229313,229321,659,18.0
random_query_sequence,database,91.667,12,1,0,202,213,230346,230357,659,18.0
random_query_sequence,database,83.333,18,3,0,224,241,230444,230461,659,18.0
random_query_sequence,database,100.000,9,0,0,97,105,230543,230551,659,18.0
random_query_sequence,database,100.000,9,0,0,155,163,230740,230748,659,18.0
random_query_sequence,database,100.000,9,0,0,47,55,231758,231766,659,18.0
random_query_sequence,database,91.667,12,1,0,85,96,232817,232828,659,18.0
random_query_sequence,database,86.667,15,2,0,205,219,234335,234349,659,18.0
random_query_sequence,database,91.667,12,1,0,129,140,235790,235801,659,18.0
random_query_sequence,database,100.000,9,0,0,70,78,235920,235928,659,18.0
random_query_sequence,database,100.000,9,0,0,17,25,236148,236156,659,18.0
random_query_sequence,database,100.000,9,0,0,277,285,236248,236256,659,18.0
random_query_sequence,database,86.667,15,2,0,4,18,237981,237995,659,18.0
random_query_sequence,database,100.000,9,0,0,10,18,238206,238214,659,18.0
random_query_sequence,database,100.000,9,0,0,246,254,238226,238234,659,18.0
random_query_sequence,database,100.000,9,0,0,67,75,239495,239503,659,18.0
random_query_sequence,database,100.000,9,0,0,221,229,240155,240163,659,18.0
random_query_sequence,database,91.667,12,1,0,149,160,240581,240592,659,18.0
random_query_sequence,database,100.000,9,0,0,103,111,242200,242208,659,18.0
random_query_sequence,database,100.000,9,0,0,83,91,243835,243843,659,18.0
random_query_sequence,database,91.667,12,1,0,78,89,243841,243852,659,18.0
random_query_sequence,database,100.000,9,0,0,61,69,243975,243983,659,18.0
random_query_sequence,database,91.667,12,1,0,95,106,247165,247176,659,18.0
random_query_sequence,database,100.000,9,0,0,67,75,249510,249518,659,18.0
random_query_sequence,database,100.000,9,0,0,46,54,251726,251734,659,18.0
random_query_sequence,database,100.000,9,0,0,16,24,251775,251783,659,18.0
random_query_sequence,database,100.000,9,0,0,65,73,252700,252708,659,18.0
random_query_sequence,database,100.000,9,0,0,203,211,253414,253422,659,18.0
random_query_sequence,database,100.000,9,0,0,88,96,253679,253687,659,18.0
random_query_sequence,database,91.667,12,1,0,273,284,254507,254518,659,18.0
random_query_sequence,database,100.000,9,0,0,203,211,255441,255449,659,18.0
random_query_sequence,database,100.000,9,0,0,67,75,256537,256545,659,18.0
random_query_sequence,database,91.667,12,1,0,209,220,258627,258638,659,18.0
random_query_sequence,database,100.000,9,0,0,196,204,258795,258803,659,18.0
random_query_sequence,database,91.667,12,1,0,128,139,258819,258830,659,18.0
random_query_sequence,database,100.000,9,0,0,287,295,259598,259606,659,18.0
random_query_sequence,database,100.000,9,0,0,261,269,259931,259939,659,18.0
random_query_sequence,database,86.667,15,2,0,177,191,260243,260257,659,18.0
random_query_sequence,database,100.000,9,0,0,205,213,260790,260798,659,18.0
random_query_sequence,database,100.000,9,0,0,205,213,261095,261103,659,18.0
random_query_sequence,database,100.000,9,0,0,255,263,261308,261316,659,18.0
random_query_sequence,database,91.667,12,1,0,178,189,262453,262464,659,18.0
random_query_sequence,database,100.000,9,0,0,155,163,262756,262764,659,18.0
random_query_sequence,database,100.000,9,0,0,131,139,263495,263503,659,18.0
random_query_sequence,database,83.333,18,3,0,247,264,263525,263542,659,18.0
random_query_sequence,database,100.000,9,0,0,173,181,263574,263582,659,18.0
random_query_sequence,database,100.000,9,0,0,49,57,264391,264399,659,18.0
random_query_sequence,database,100.000,9,0,0,277,285,264802,264810,659,18.0
random_query_sequence,database,91.667,12,1,0,147,158,265307,265318,659,18.0
random_query_sequence,database,100.000,9,0,0,16,24,266107,266115,659,18.0
random_query_sequence,database,100.000,9,0,0,148,156,266809,266817,659,18.0
random_query_sequence,database,91.667,12,1,0,237,248,267746,267757,659,18.0
random_query_sequence,database,83.333,18,3,0,242,259,268711,268728,659,18.0
random_query_sequence,database,91.667,12,1,0,277,288,268881,268892,659,18.0
random_query_sequence,database,100.000,9,0,0,290,298,268906,268914,659,18.0
random_query_sequence,database,100.000,9,0,0,196,204,269137,269145,659,18.0
random_query_sequence,database,100.000,9,0,0,292,300,269319,269327,659,18.0
random_query_sequence,database,100.000,9,0,0,250,258,270372,270380,659,18.0
random_query_sequence,database,86.667,15,2,0,145,159,271444,271458,659,18.0
random_query_sequence,database,100.000,9,0,0,208,216,271726,271734,659,18.0
random_query_sequence,database,86.667,15,2,0,20,34,272982,272996,659,18.0
random_query_sequence,database,91.667,12,1,0,60,71,275477,275488,659,18.0
random_query_sequence,database,100.000,9,0,0,46,54,278148,278156,659,18.0
random_query_sequence,database,91.667,12,1,0,133,144,278373,278384,659,18.0
random_query_sequence,database,100.000,9,0,0,238,246,279035,279043,659,18.0
random_query_sequence,database,100.000,9,0,0,271,279,279807,279815,659,18.0
random_query_sequence,database,100.000,9,0,0,198,206,279905,279913,659,18.0
random_query_sequence,database,91.667,12,1,0,208,219,280418,280429,659,18.0
random_query_sequence,database,100.000,9,0,0,279,287,280680,280688,659,18.0
random_query_sequence,database,100.000,9,0,0,67,75,281044,281052,659,18.0
random_query_sequence,database,100.000,9,0,0,290,298,281313,281321,659,18.0
random_query_sequence,database,100.000,9,0,0,273,281,283117,283125,659,18.0
random_query_sequence,database,91.667,12,1,0,49,60,283176,283187,659,18.0
random_query_sequence,database,100.000,9,0,0,107,115,284399,284407,659,18.0
random_query_sequence,database,100.000,9,0,0,241,249,285729,285737,659,18.0
random_query_sequence,database,100.000,9,0,0,66,74,286655,286663,659,18.0
random_query_sequence,database,91.667,12,1,0,200,211,287963,287974,659,18.0
random_query_sequence,database,100.000,9,0,0,13,21,292629,292637,659,18.0
random_query_sequence,database,91.667,12,1,0,54,65,293627,293638,659,18.0
random_query_sequence,database,100.000,9,0,0,97,105,294178,294186,659,18.0
random_query_sequence,database,100.000,9,0,0,191,199,294224,294232,659,18.0
random_query_sequence,database,100.000,9,0,0,9,17,294586,294594,659,18.0
random_query_sequence,database,100.000,9,0,0,154,162,294755,294763,659,18.0
random_query_sequence,database,100.000,9,0,0,147,155,294942,294950,659,18.0
random_query_sequence,database,91.667,12,1,0,9,20,298143,298154,659,18.0
random_query_sequence,database,100.000,9,0,0,240,248,298375,298383,659,18.0
random_query_sequence,database,100.000,9,0,0,175,183,298676,298684,659,18.0
random_query_sequence,database,100.000,9,0,0,211,219,298721,298729,659,18.0
random_query_sequence,database,100.000,9,0,0,205,213,299373,299381,659,18.0
random_query_sequence,database,91.667,12,1,0,203,214,300276,300287,659,18.0
random_query_sequence,database,100.000,9,0,0,13,21,300395,300403,659,18.0
random_query_sequence,database,100.000,9,0,0,97,105,301912,301920,659,18.0
random_query_sequence,database,100.000,9,0,0,9,17,301924,301932,659,18.0
random_query_sequence,database,100.000,9,0,0,191,199,301958,301966,659,18.0
random_query_sequence,database,86.667,15,2,0,9,23,303027,303041,659,18.0
random_query_sequence,database,100.000,9,0,0,285,293,303029,303037,659,18.0
random_query_sequence,database,100.000,9,0,0,240,248,304582,304590,659,18.0
random_query_sequence,database,100.000,9,0,0,155,163,307123,307131,659,18.0
random_query_sequence,database,100.000,9,0,0,181,189,307530,307538,659,18.0
random_query_sequence,database,91.667,12,1,0,54,65,307644,307655,659,18.0
random_query_sequence,database,100.000,9,0,0,97,105,308224,308232,659,18.0
random_query_sequence,database,100.000,9,0,0,9,17,308236,308244,659,18.0
random_query_sequence,database,100.000,9,0,0,191,199,308270,308278,659,18.0
random_query_sequence,database,91.667,12,1,0,199,210,310775,310786,659,18.0
random_query_sequence,database,100.000,9,0,0,65,73,311321,311329,659,18.0
random_query_sequence,database,100.000,9,0,0,197,205,313718,313726,659,18.0
random_query_sequence,database,100.000,9,0,0,182,190,315281,315289,659,18.0
random_query_sequence,database,91.667,12,1,0,253,264,315355,315366,659,18.0
random_query_sequence,database,100.000,9,0,0,133,141,316787,316795,659,18.0
random_query_sequence,database,100.000,9,0,0,151,159,317394,317402,659,18.0
random_query_sequence,database,91.667,12,1,0,261,272,319232,319243,659,18.0
random_query_sequence,database,100.000,9,0,0,9,17,320571,320579,659,18.0
random_query_sequence,database,86.667,15,2,0,56,70,321496,321510,659,18.0
random_query_sequence,database,91.667,12,1,0,263,274,323022,323033,659,18.0
random_query_sequence,database,86.667,15,2,0,49,63,323990,324004,659,18.0
random_query_sequence,database,100.000,9,0,0,61,69,327605,327613,659,18.0
random_query_sequence,database,91.667,12,1,0,35,46,329409,329420,659,18.0
random_query_sequence,database,100.000,9,0,0,272,280,329819,329827,659,18.0
random_query_sequence,database,100.000,9,0,0,153,161,330810,330818,659,18.0
random_query_sequence,database,100.000,9,0,0,200,208,333636,333644,659,18.0
random_query_sequence,database,100.000,9,0,0,155,163,333805,333813,659,18.0
random_query_sequence,database,91.667,12,1,0,22,33,334648,334659,659,18.0
random_query_sequence,database,100.000,9,0,0,201,209,336329,336337,659,18.0
random_query_sequence,database,100.000,9,0,0,272,280,336881,336889,659,18.0
random_query_sequence,database,100.000,9,0,0,63,71,337535,337543,659,18.0
random_query_sequence,database,91.667,12,1,0,285,296,338412,338423,659,18.0
random_query_sequence,database,91.667,12,1,0,93,104,338457,338468,659,18.0
random_query_sequence,database,100.000,9,0,0,91,99,339010,339018,659,18.0
random_query_sequence,database,100.000,9,0,0,176,184,339810,339818,659,18.0
random_query_sequence,database,100.000,9,0,0,107,115,342102,342110,659,18.0
random_query_sequence,database,100.000,9,0,0,193,201,342602,342610,659,18.0
random_query_sequence,database,100.000,9,0,0,106,114,348320,348328,659,18.0
random_query_sequence,database,100.000,9,0,0,179,187,349150,349158,659,18.0
random_query_sequence,database,100.000,9,0,0,214,222,350281,350289,659,18.0
random_query_sequence,database,91.667,12,1,0,156,167,351461,351472,659,18.0
random_query_sequence,database,100.000,9,0,0,215,223,352572,352580,659,18.0
random_query_sequence,database,91.667,12,1,0,22,33,353939,353950,659,18.0
random_query_sequence,database,100.000,9,0,0,208,216,355067,355075,659,18.0
random_query_sequence,database,100.000,9,0,0,50,58,355224,355232,659,18.0
random_query_sequence,database,91.667,12,1,0,288,299,355653,355664,659,18.0
random_query_sequence,database,100.000,9,0,0,206,214,355801,355809,659,18.0
random_query_sequence,database,100.000,9,0,0,34,42,356156,356164,659,18.0
random_query_sequence,database,91.667,12,1,0,235,246,357249,357260,659,18.0
random_query_sequence,database,100.000,9,0,0,55,63,357800,357808,659,18.0
random_query_sequence,database,100.000,9,0,0,29,37,360273,360281,659,18.0
random_query_sequence,database,91.667,12,1,0,43,54,362120,362131,659,18.0
random_query_sequence,database,100.000,9,0,0,180,188,362638,362646,659,18.0
random_query_sequence,database,86.667,15,2,0,225,239,362777,362791,659,18.0
random_query_sequence,database,100.000,9,0,0,46,54,363369,363377,659,18.0
random_query_sequence,database,100.000,9,0,0,196,204,365925,365933,659,18.0
random_query_sequence,database,91.667,12,1,0,62,73,368544,368555,659,18.0
random_query_sequence,database,100.000,9,0,0,187,195,368605,368613,659,18.0
random_query_sequence,database,100.000,9,0,0,80,88,369308,369316,659,18.0
random_query_sequence,database,100.000,9,0,0,175,183,369323,369331,659,18.0
random_query_sequence,database,91.667,12,1,0,34,45,370441,370452,659,18.0
random_query_sequence,database,91.667,12,1,0,287,298,372297,372308,659,18.0
random_query_sequence,database,100.000,9,0,0,106,114,373019,373027,659,18.0
random_query_sequence,database,100.000,9,0,0,167,175,374068,374076,659,18.0
random_query_sequence,database,100.000,9,0,0,212,220,375846,375854,659,18.0
random_query_sequence,database,100.000,9,0,0,185,193,376924,376932,659,18.0
random_query_sequence,database,100.000,9,0,0,211,219,378023,378031,659,18.0
random_query_sequence,database,100.000,9,0,0,89,97,379803,379811,659,18.0
random_query_sequence,database,100.000,9,0,0,206,214,381875,381883,659,18.0
random_query_sequence,database,100.000,9,0,0,19,27,384610,384618,659,18.0
random_query_sequence,database,100.000,9,0,0,22,30,388415,388423,659,18.0
random_query_sequence,database,91.667,12,1,0,82,93,389004,389015,659,18.0
random_query_sequence,database,100.000,9,0,0,130,138,391514,391522,659,18.0
random_query_sequence,database,100.000,9,0,0,7,15,392370,392378,659,18.0
random_query_sequence,database,91.667,12,1,0,44,55,394242,394253,659,18.0
random_query_sequence,database,91.667,12,1,0,207,218,396936,396947,659,18.0
random_query_sequence,database,100.000,9,0,0,94,102,397896,397904,659,18.0
random_query_sequence,database,100.000,9,0,0,150,158,401162,401170,659,18.0
random_query_sequence,database,100.000,9,0,0,15,23,401996,402004,659,18.0
random_query_sequence,database,91.667,12,1,0,201,212,402743,402754,659,18.0
random_query_sequence,database,86.667,15,2,0,155,169,403316,403330,659,18.0
random_query_sequence,database,91.667,12,1,0,287,298,403956,403967,659,18.0
random_query_sequence,database,100.000,9,0,0,9,17,406018,406026,659,18.0
random_query_sequence,database,86.667,15,2,0,133,147,409413,409427,659,18.0
random_query_sequence,database,91.667,12,1,0,131,142,411060,411071,659,18.0
random_query_sequence,database,100.000,9,0,0,290,298,411141,411149,659,18.0
random_query_sequence,database,100.000,9,0,0,203,211,411820,411828,659,18.0
random_query_sequence,database,100.000,9,0,0,13,21,412076,412084,659,18.0
random_query_sequence,database,100.000,9,0,0,132,140,412206,412214,659,18.0
random_query_sequence,database,91.667,12,1,0,215,226,414008,414019,659,18.0
random_query_sequence,database,100.000,9,0,0,202,210,414058,414066,659,18.0
random_query_sequence,database,100.000,9,0,0,136,144,414495,414503,659,18.0
random_query_sequence,database,100.000,9,0,0,232,240,414903,414911,659,18.0
random_query_sequence,database,100.000,9,0,0,289,297,415021,415029,659,18.0
random_query_sequence,database,100.000,9,0,0,205,213,415215,415223,659,18.0
random_query_sequence,database,91.667,12,1,0,9,20,415290,415301,659,18.0
random_query_sequence,database,100.000,9,0,0,135,143,415554,415562,659,18.0
random_query_sequence,database,91.667,12,1,0,274,285,416376,416387,659,18.0
random_query_sequence,database,100.000,9,0,0,285,293,416659,416667,659,18.0
random_query_sequence,database,100.000,9,0,0,158,166,418562,418570,659,18.0
random_query_sequence,database,91.667,12,1,0,266,277,419090,419101,659,18.0
random_query_sequence,database,100.000,9,0,0,273,281,419121,419129,659,18.0
random_query_sequence,database,100.000,9,0,0,276,284,419136,419144,659,18.0
random_query_sequence,database,100.000,9,0,0,82,90,419232,419240,659,18.0
random_query_sequence,database,91.667,12,1,0,201,212,420095,420106,659,18.0
random_query_sequence,database,100.000,9,0,0,70,78,421169,421177,659,18.0
random_query_sequence,database,77.778,27,6,0,156,182,421386,421412,659,18.0
random_query_sequence,database,100.000,9,0,0,11,19,421389,421397,659,18.0
random_query_sequence,database,100.000,9,0,0,150,158,422012,422020,659,18.0
random_query_sequence,database,100.000,9,0,0,204,212,422636,422644,659,18.0
random_query_sequence,database,100.000,9,0,0,203,211,422716,422724,659,18.0
random_query_sequence,database,100.000,9,0,0,136,144,423814,423822,659,18.0
random_query_sequence,database,100.000,9,0,0,203,211,424081,424089,659,18.0
random_query_sequence,database,100.000,9,0,0,176,184,425938,425946,659,18.0
random_query_sequence,database,100.000,9,0,0,273,281,429560,429568,659,18.0
random_query_sequence,database,100.000,9,0,0,283,291,430476,430484,659,18.0
random_query_sequence,database,100.000,9,0,0,252,260,431336,431344,659,18.0
random_query_sequence,database,86.667,15,2,0,207,221,431371,431385,659,18.0
random_query_sequence,database,100.000,9,0,0,48,56,432147,432155,659,18.0
random_query_sequence,database,91.667,12,1,0,282,293,432402,432413,659,18.0
random_query_sequence,database,100.000,9,0,0,178,186,433286,433294,659,18.0
random_query_sequence,database,100.000,9,0,0,175,183,433830,433838,659,18.0
random_query_sequence,database,91.667,12,1,0,202,213,437414,437425,659,18.0
random_query_sequence,database,100.000,9,0,0,285,293,437728,437736,659,18.0
random_query_sequence,database,100.000,9,0,0,105,113,440813,440821,659,18.0
random_query_sequence,database,100.000,9,0,0,15,23,442364,442372,659,18.0
random_query_sequence,database,91.667,12,1,0,288,299,442551,442562,659,18.0
random_query_sequence,database,100.000,9,0,0,284,292,442976,442984,659,18.0
random_query_sequence,database,91.667,12,1,0,28,39,443014,443025,659,18.0
random_query_sequence,database,100.000,9,0,0,270,278,443073,443081,659,18.0
random_query_sequence,database,100.000,9,0,0,281,289,444725,444733,659,18.0
random_query_sequence,database,79.167,24,5,0,122,145,448121,448144,659,18.0
random_query_sequence,database,79.167,24,5,0,122,145,448121,448144,659,18.0
random_query_sequence,database,100.000,9,0,0,103,111,449275,449283,659,18.0
random_query_sequence,database,91.667,12,1,0,286,297,449399,449410,659,18.0
random_query_sequence,database,100.000,9,0,0,204,212,450571,450579,659,18.0
random_query_sequence,database,100.000,9,0,0,156,164,451435,451443,659,18.0
random_query_sequence,database,100.000,9,0,0,13,21,452602,452610,659,18.0
random_query_sequence,database,91.667,12,1,0,285,296,452893,452904,659,18.0
random_query_sequence,database,91.667,12,1,0,81,92,453223,453234,659,18.0
random_query_sequence,database,91.667,12,1,0,282,293,454391,454402,659,18.0
random_query_sequence,database,100.000,9,0,0,81,89,455579,455587,659,18.0
random_query_sequence,database,100.000,9,0,0,157,165,455660,455668,659,18.0
random_query_sequence,database,100.000,9,0,0,273,281,456394,456402,659,18.0
random_query_sequence,database,91.667,12,1,0,64,75,456513,456524,659,18.0
random_query_sequence,database,100.000,9,0,0,206,214,456984,456992,659,18.0
random_query_sequence,database,100.000,9,0,0,273,281,457024,457032,659,18.0
random_query_sequence,database,100.000,9,0,0,285,293,458408,458416,659,18.0
random_query_sequence,database,100.000,9,0,0,176,184,458479,458487,659,18.0
random_query_sequence,database,91.667,12,1,0,201,212,458500,458511,659,18.0
random_query_sequence,database,100.000,9,0,0,280,288,458567,458575,659,18.0
random_query_sequence,database,91.667,12,1,0,244,255,458804,458815,659,18.0
random_query_sequence,database,100.000,9,0,0,155,163,459615,459623,659,18.0
random_query_sequence,database,91.667,12,1,0,202,213,460638,460649,659,18.0
random_query_sequence,database,100.000,9,0,0,249,257,460793,460801,659,18.0
random_query_sequence,database,100.000,9,0,0,178,186,461433,461441,659,18.0
random_query_sequence,database,100.000,9,0,0,63,71,462759,462767,659,18.0
random_query_sequence,database,100.000,9,0,0,203,211,462981,462989,659,18.0
random_query_sequence,database,100.000,9,0,0,274,282,464391,464399,659,18.0
random_query_sequence,database,91.667,12,1,0,150,161,464597,464608,659,18.0
random_query_sequence,database,100.000,9,0,0,203,211,464644,464652,659,18.0
random_query_sequence,database,91.667,12,1,0,282,293,465051,465062,659,18.0
random_query_sequence,database,86.667,15,2,0,277,291,465719,465733,659,18.0
random_query_sequence,database,100.000,9,0,0,176,184,465833,465841,659,18.0
random_query_sequence,database,100.000,9,0,0,178,186,466764,466772,659,18.0
random_query_sequence,database,100.000,9,0,0,134,142,466843,466851,659,18.0
random_query_sequence,database,91.667,12,1,0,244,255,469347,469358,659,18.0
random_query_sequence,database,100.000,9,0,0,199,207,469359,469367,659,18.0
random_query_sequence,database,100.000,9,0,0,208,216,469606,469614,659,18.0
random_query_sequence,database,100.000,9,0,0,89,97,471111,471119,659,18.0
random_query_sequence,database,100.000,9,0,0,285,293,473494,473502,659,18.0
random_query_sequence,database,91.667,12,1,0,244,255,474729,474740,659,18.0
random_query_sequence,database,100.000,9,0,0,153,161,476391,476399,659,18.0
random_query_sequence,database,100.000,9,0,0,282,290,476459,476467,659,18.0
random_query_sequence,database,100.000,9,0,0,270,278,478412,478420,659,18.0
random_query_sequence,database,100.000,9,0,0,270,278,478604,478612,659,18.0
random_query_sequence,database,100.000,9,0,0,258,266,479496,479504,659,18.0
random_query_sequence,database,100.000,9,0,0,148,156,479665,479673,659,18.0
random_query_sequence,database,91.667,12,1,0,265,276,480320,480331,659,18.0
random_query_sequence,database,91.667,12,1,0,132,143,480698,480709,659,18.0
random_query_sequence,database,100.000,9,0,0,124,132,480717,480725,659,18.0
random_query_sequence,database,91.667,12,1,0,150,161,480941,480952,659,18.0
random_query_sequence,database,100.000,9,0,0,279,287,481028,481036,659,18.0
random_query_sequence,database,100.000,9,0,0,161,169,483099,483107,659,18.0
random_query_sequence,database,100.000,9,0,0,252,260,483523,483531,659,18.0
random_query_sequence,database,100.000,9,0,0,202,210,485629,485637,659,18.0
random_query_sequence,database,91.667,12,1,0,177,188,486211,486222,659,18.0
random_query_sequence,database,100.000,9,0,0,13,21,486266,486274,659,18.0
random_query_sequence,database,80.952,21,4,0,277,297,487965,487985,659,18.0
random_query_sequence,database,100.000,9,0,0,46,54,490153,490161,659,18.0
random_query_sequence,database,100.000,9,0,0,221,229,490390,490398,659,18.0
random_query_sequence,database,100.000,9,0,0,53,61,490914,490922,659,18.0
random_query_sequence,database,91.667,12,1,0,148,159,491986,491997,659,18.0
random_query_sequence,database,100.000,9,0,0,287,295,493097,493105,659,18.0
random_query_sequence,database,100.000,9,0,0,287,295,493557,493565,659,18.0
random_query_sequence,database,100.000,9,0,0,126,134,494367,494375,659,18.0
random_query_sequence,database,100.000,9,0,0,111,119,496523,496531,659,18.0
random_query_sequence,database,100.000,9,0,0,273,281,497336,497344,659,18.0
random_query_sequence,database,100.000,9,0,0,176,184,497767,497775,659,18.0
random_query_sequence,database,91.667,12,1,0,211,222,497898,497909,659,18.0
random_query_sequence,database,91.667,12,1,0,131,142,498590,498601,659,18.0
random_query_sequence,database,100.000,9,0,0,203,211,498760,498768,659,18.0
random_query_sequence,database,91.667,12,1,0,134,145,499233,499244,659,18.0
random_query_sequence,database,100.000,9,0,0,153,161,499369,499377,659,18.0
random_query_sequence,database,100.000,9,0,0,74,82,499679,499687,659,18.0
random_query_sequence,database,100.000,9,0,0,155,163,499719,499727,659,18.0
random_query_sequence,database,86.667,15,2,0,176,190,500093,500107,659,18.0
random_query_sequence,database,100.000,9,0,0,285,293,500752,500760,659,18.0
random_query_sequence,database,91.667,12,1,0,23,34,502582,502593,659,18.0
random_query_sequence,database,91.667,12,1,0,201,212,503913,503924,659,18.0
random_query_sequence,database,91.667,12,1,0,285,296,504378,504389,659,18.0
random_query_sequence,database,100.000,9,0,0,132,140,505589,505597,659,18.0
random_query_sequence,database,100.000,9,0,0,259,267,506813,506821,659,18.0
random_query_sequence,database,91.667,12,1,0,58,69,507245,507256,659,18.0
random_query_sequence,database,100.000,9,0,0,203,211,507574,507582,659,18.0
random_query_sequence,database,100.000,9,0,0,282,290,507840,507848,659,18.0
random_query_sequence,database,100.000,9,0,0,136,144,508085,508093,659,18.0
random_query_sequence,database,100.000,9,0,0,153,161,508091,508099,659,18.0
random_query_sequence,database,100.000,9,0,0,194,202,508696,508704,659,18.0
random_query_sequence,database,100.000,9,0,0,164,172,508968,508976,659,18.0
random_query_sequence,database,100.000,9,0,0,188,196,509180,509188,659,18.0
random_query_sequence,database,100.000,9,0,0,196,204,509595,509603,659,18.0
random_query_sequence,database,100.000,9,0,0,217,225,511043,511051,659,18.0
random_query_sequence,database,100.000,9,0,0,9,17,511085,511093,659,18.0
random_query_sequence,database,100.000,9,0,0,210,218,511471,511479,659,18.0
random_query_sequence,database,91.667,12,1,0,283,294,511839,511850,659,18.0
random_query_sequence,database,91.667,12,1,0,250,261,511844,511855,659,18.0
random_query_sequence,database,100.000,9,0,0,7,15,512992,513000,659,18.0
random_query_sequence,database,91.667,12,1,0,133,144,513452,513463,659,18.0
random_query_sequence,database,100.000,9,0,0,284,292,513538,513546,659,18.0
random_query_sequence,database,100.000,9,0,0,185,193,514136,514144,659,18.0
random_query_sequence,database,91.667,12,1,0,270,281,514347,514358,659,18.0
random_query_sequence,database,100.000,9,0,0,274,282,514427,514435,659,18.0
random_query_sequence,database,100.000,9,0,0,273,281,515318,515326,659,18.0
random_query_sequence,database,91.667,12,1,0,176,187,516434,516445,659,18.0
random_query_sequence,database,83.333,18,3,0,273,290,516601,516618,659,18.0
random_query_sequence,database,100.000,9,0,0,76,84,516689,516697,659,18.0
random_query_sequence,database,91.667,12,1,0,201,212,516790,516801,659,18.0
random_query_sequence,database,100.000,9,0,0,180,188,517138,517146,659,18.0
random_query_sequence,database,91.667,12,1,0,10,21,518072,518083,659,18.0
random_query_sequence,database,100.000,9,0,0,284,292,518293,518301,659,18.0
random_query_sequence,database,100.000,9,0,0,273,281,518812,518820,659,18.0
random_query_sequence,database,91.667,12,1,0,260,271,521011,521022,659,18.0
random_query_sequence,database,100.000,9,0,0,205,213,521859,521867,659,18.0
random_query_sequence,database,100.000,9,0,0,176,184,522298,522306,659,18.0
random_query_sequence,database,100.000,9,0,0,176,184,523119,523127,659,18.0
random_query_sequence,database,100.000,9,0,0,136,144,523733,523741,659,18.0
random_query_sequence,database,100.000,9,0,0,177,185,524672,524680,659,18.0
random_query_sequence,database,100.000,9,0,0,215,223,525670,525678,659,18.0
random_query_sequence,database,100.000,9,0,0,177,185,525768,525776,659,18.0
random_query_sequence,database,91.667,12,1,0,175,186,525841,525852,659,18.0
random_query_sequence,database,100.000,9,0,0,176,184,526293,526301,659,18.0
random_query_sequence,database,100.000,9,0,0,202,210,528139,528147,659,18.0
random_query_sequence,database,100.000,9,0,0,209,217,528156,528164,659,18.0
random_query_sequence,database,100.000,9,0,0,290,298,528402,528410,659,18.0
random_query_sequence,database,91.667,12,1,0,179,190,528515,528526,659,18.0
random_query_sequence,database,100.000,9,0,0,250,258,528971,528979,659,18.0
random_query_sequence,database,86.667,15,2,0,132,146,530375,530389,659,18.0
random_query_sequence,database,100.000,9,0,0,148,156,530426,530434,659,18.0
random_query_sequence,database,100.000,9,0,0,280,288,531270,531278,659,18.0
random_query_sequence,database,100.000,9,0,0,91,99,531563,531571,659,18.0
random_query_sequence,database,100.000,9,0,0,219,227,532742,532750,659,18.0
random_query_sequence,database,100.000,9,0,0,9,17,535063,535071,659,18.0
random_query_sequence,database,100.000,9,0,0,13,21,535280,535288,659,18.0
random_query_sequence,database,100.000,9,0,0,274,282,535668,535676,659,18.0
random_query_sequence,database,86.667,15,2,0,164,178,536782,536796,659,18.0
random_query_sequence,database,91.667,12,1,0,206,217,537246,537257,659,18.0
random_query_sequence,database,100.000,9,0,0,132,140,539752,539760,659,18.0
random_query_sequence,database,100.000,9,0,0,223,231,540055,540063,659,18.0
random_query_sequence,database,100.000,9,0,0,210,218,540989,540997,659,18.0
random_query_sequence,database,100.000,9,0,0,178,186,541193,541201,659,18.0
random_query_sequence,database,100.000,9,0,0,261,269,541284,541292,659,18.0
random_query_sequence,database,100.000,9,0,0,25,33,541411,541419,659,18.0
random_query_sequence,database,100.000,9,0,0,95,103,542216,542224,659,18.0
random_query_sequence,database,100.000,9,0,0,63,71,543226,543234,659,18.0
random_query_sequence,database,91.667,12,1,0,201,212,544098,544109,659,18.0
random_query_sequence,database,100.000,9,0,0,179,187,544713,544721,659,18.0
random_query_sequence,database,100.000,9,0,0,269,277,546171,546179,659,18.0
random_query_sequence,database,100.000,9,0,0,176,184,546417,546425,659,18.0
random_query_sequence,database,100.000,9,0,0,88,96,548563,548571,659,18.0
random_query_sequence,database,100.000,9,0,0,13,21,551327,551335,659,18.0
random_query_sequence,database,91.667,12,1,0,200,211,551356,551367,659,18.0
random_query_sequence,database,91.667,12,1,0,287,298,553912,553923,659,18.0
random_query_sequence,database,100.000,9,0,0,97,105,556474,556482,659,18.0
random_query_sequence,database,91.667,12,1,0,161,172,558644,558655,659,18.0
random_query_sequence,database,100.000,9,0,0,178,186,559388,559396,659,18.0
random_query_sequence,database,100.000,9,0,0,205,213,559506,559514,659,18.0
random_query_sequence,database,100.000,9,0,0,90,98,560091,560099,659,18.0
random_query_sequence,database,100.000,9,0,0,182,190,560228,560236,659,18.0
random_query_sequence,database,100.000,9,0,0,231,239,560700,560708,659,18.0
random_query_sequence,database,100.000,9,0,0,155,163,562014,562022,659,18.0
random_query_sequence,database,100.000,9,0,0,96,104,562912,562920,659,18.0
random_query_sequence,database,100.000,9,0,0,282,290,562949,562957,659,18.0
random_query_sequence,database,100.000,9,0,0,183,191,563217,563225,659,18.0
random_query_sequence,database,100.000,9,0,0,208,216,565964,565972,659,18.0
random_query_sequence,database,100.000,9,0,0,290,298,568340,568348,659,18.0
random_query_sequence,database,100.000,9,0,0,177,185,568344,568352,659,18.0
random_query_sequence,database,91.667,12,1,0,287,298,568980,568991,659,18.0
random_query_sequence,database,100.000,9,0,0,272,280,570477,570485,659,18.0
random_query_sequence,database,100.000,9,0,0,90,98,570507,570515,659,18.0
random_query_sequence,database,100.000,9,0,0,203,211,570702,570710,659,18.0
random_query_sequence,database,91.667,12,1,0,203,214,570905,570916,659,18.0
random_query_sequence,database,86.667,15,2,0,121,135,570927,570941,659,18.0
random_query_sequence,database,91.667,12,1,0,192,203,571033,571044,659,18.0
random_query_sequence,database,91.667,12,1,0,192,203,571033,571044,659,18.0
random_query_sequence,database,100.000,9,0,0,287,295,572360,572368,659,18.0
random_query_sequence,database,100.000,9,0,0,14,22,572538,572546,659,18.0
random_query_sequence,database,91.667,12,1,0,161,172,572541,572552,659,18.0
random_query_sequence,database,100.000,9,0,0,178,186,573690,573698,659,18.0
random_query_sequence,database,100.000,9,0,0,282,290,574648,574656,659,18.0
random_query_sequence,database,100.000,9,0,0,176,184,581438,581446,659,18.0
random_query_sequence,database,100.000,9,0,0,95,103,582750,582758,659,18.0
random_query_sequence,database,100.000,9,0,0,211,219,583347,583355,659,18.0
random_query_sequence,database,91.667,12,1,0,199,210,584980,584991,659,18.0
random_query_sequence,database,100.000,9,0,0,14,22,585253,585261,659,18.0
random_query_sequence,database,100.000,9,0,0,273,281,585847,585855,659,18.0
random_query_sequence,database,100.000,9,0,0,203,211,586268,586276,659,18.0
random_query_sequence,database,100.000,9,0,0,285,293,588866,588874,659,18.0
random_query_sequence,database,100.000,9,0,0,96,104,589232,589240,659,18.0
random_query_sequence,database,100.000,9,0,0,290,298,590169,590177,659,18.0
random_query_sequence,database,100.000,9,0,0,177,185,590173,590181,659,18.0
random_query_sequence,database,100.000,9,0,0,179,187,590318,590326,659,18.0
random_query_sequence,database,100.000,9,0,0,217,225,590494,590502,659,18.0
random_query_sequence,database,100.000,9,0,0,282,290,591940,591948,659,18.0
random_query_sequence,database,91.667,12,1,0,60,71,592733,592744,659,18.0
random_query_sequence,database,100.000,9,0,0,107,115,594837,594845,659,18.0
random_query_sequence,database,100.000,9,0,0,155,163,595513,595521,659,18.0
random_query_sequence,database,91.667,12,1,0,177,188,595911,595922,659,18.0
random_query_sequence,database,91.667,12,1,0,59,70,596847,596858,659,18.0
random_query_sequence,database,100.000,9,0,0,282,290,599388,599396,659,18.0
random_query_sequence,database,100.000,9,0,0,158,166,602751,602759,659,18.0
random_query_sequence,database,100.000,9,0,0,266,274,603415,603423,659,18.0
random_query_sequence,database,100.000,9,0,0,210,218,604341,604349,659,18.0
random_query_sequence,database,100.000,9,0,0,95,103,604361,604369,659,18.0
