random_query_sequence	database	95.369	691	32	0	171	861	77956	78646	0.0	1144
random_query_sequence	database	93.966	116	7	0	55	170	77823	77938	3.28e-47	183
random_query_sequence	database	91.304	23	2	0	1	23	77769	77791	0.046	33.4
random_query_sequence	database	91.304	23	2	0	1	23	77769	77791	0.046	33.4
random_query_sequence	database	100.000	17	0	0	128	144	378841	378857	0.046	33.4
random_query_sequence	database	100.000	16	0	0	556	571	60311	60326	0.17	31.5
random_query_sequence	database	100.000	14	0	0	19	32	425846	425859	2.5	27.6
random_query_sequence	database	94.118	17	1	0	369	385	480258	480274	2.5	27.6
random_query_sequence	database	89.474	19	2	0	700	718	179813	179831	9.5	25.7
random_query_sequence	database	93.750	16	1	0	729	744	202517	202532	9.5	25.7
random_query_sequence	database	100.000	13	0	0	704	716	286314	286326	9.5	25.7
random_query_sequence	database	93.750	16	1	0	813	828	292057	292072	9.5	25.7
random_query_sequence	database	93.750	16	1	0	813	828	299837	299852	9.5	25.7
random_query_sequence	database	93.750	16	1	0	813	828	306063	306078	9.5	25.7
random_query_sequence	database	100.000	13	0	0	365	377	317691	317703	9.5	25.7
random_query_sequence	database	84.000	25	4	0	529	553	344889	344913	9.5	25.7
random_query_sequence	database	93.750	16	1	0	1	16	402073	402088	9.5	25.7
random_query_sequence	database	100.000	13	0	0	480	492	416360	416372	9.5	25.7
random_query_sequence	database	93.750	16	1	0	434	449	426984	426999	9.5	25.7
random_query_sequence	database	100.000	13	0	0	814	826	482265	482277	9.5	25.7
random_query_sequence	database	89.474	19	2	0	538	556	518197	518215	9.5	25.7
random_query_sequence	database	93.750	16	1	0	365	380	519802	519817	9.5	25.7
random_query_sequence	database	100.000	13	0	0	206	218	535399	535411	9.5	25.7
random_query_sequence	database	100.000	12	0	0	409	420	8094	8105	36	23.8
random_query_sequence	database	93.333	15	1	0	242	256	9368	9382	36	23.8
random_query_sequence	database	88.889	18	2	0	230	247	23937	23954	36	23.8
random_query_sequence	database	100.000	12	0	0	798	809	30635	30646	36	23.8
random_query_sequence	database	100.000	12	0	0	641	652	63205	63216	36	23.8
random_query_sequence	database	93.333	15	1	0	371	385	67736	67750	36	23.8
random_query_sequence	database	88.889	18	2	0	791	808	109122	109139	36	23.8
random_query_sequence	database	100.000	12	0	0	169	180	123219	123230	36	23.8
random_query_sequence	database	100.000	12	0	0	461	472	128798	128809	36	23.8
random_query_sequence	database	100.000	12	0	0	204	215	130863	130874	36	23.8
random_query_sequence	database	100.000	12	0	0	386	397	134681	134692	36	23.8
random_query_sequence	database	100.000	12	0	0	405	416	138705	138716	36	23.8
random_query_sequence	database	100.000	12	0	0	226	237	144428	144439	36	23.8
random_query_sequence	database	100.000	12	0	0	789	800	149860	149871	36	23.8
random_query_sequence	database	100.000	12	0	0	836	847	154611	154622	36	23.8
random_query_sequence	database	93.333	15	1	0	320	334	166590	166604	36	23.8
random_query_sequence	database	88.889	18	2	0	400	417	209798	209815	36	23.8
random_query_sequence	database	100.000	12	0	0	830	841	210321	210332	36	23.8
random_query_sequence	database	100.000	12	0	0	489	500	216891	216902	36	23.8
random_query_sequence	database	100.000	12	0	0	550	561	218160	218171	36	23.8
random_query_sequence	database	100.000	12	0	0	550	561	218160	218171	36	23.8
random_query_sequence	database	93.333	15	1	0	533	547	218435	218449	36	23.8
random_query_sequence	database	93.333	15	1	0	371	385	232400	232414	36	23.8
random_query_sequence	database	100.000	12	0	0	387	398	232613	232624	36	23.8
random_query_sequence	database	100.000	12	0	0	441	452	251561	251572	36	23.8
random_query_sequence	database	93.333	15	1	0	677	691	258459	258473	36	23.8
random_query_sequence	database	100.000	12	0	0	783	794	261496	261507	36	23.8
random_query_sequence	database	100.000	12	0	0	812	823	263083	263094	36	23.8
random_query_sequence	database	100.000	12	0	0	465	476	263340	263351	36	23.8
random_query_sequence	database	93.333	15	1	0	554	568	265849	265863	36	23.8
random_query_sequence	database	100.000	12	0	0	758	769	270082	270093	36	23.8
random_query_sequence	database	93.333	15	1	0	371	385	280168	280182	36	23.8
random_query_sequence	database	93.333	15	1	0	728	742	282686	282700	36	23.8
random_query_sequence	database	100.000	12	0	0	730	741	287281	287292	36	23.8
random_query_sequence	database	100.000	12	0	0	464	475	292164	292175	36	23.8
random_query_sequence	database	100.000	12	0	0	730	741	295303	295314	36	23.8
random_query_sequence	database	93.333	15	1	0	45	59	311469	311483	36	23.8
random_query_sequence	database	100.000	12	0	0	739	750	322568	322579	36	23.8
random_query_sequence	database	100.000	12	0	0	191	202	327695	327706	36	23.8
random_query_sequence	database	100.000	12	0	0	135	146	334407	334418	36	23.8
random_query_sequence	database	93.333	15	1	0	847	861	339259	339273	36	23.8
random_query_sequence	database	85.714	21	3	0	629	649	350635	350655	36	23.8
random_query_sequence	database	100.000	12	0	0	504	515	353425	353436	36	23.8
random_query_sequence	database	100.000	12	0	0	171	182	357877	357888	36	23.8
random_query_sequence	database	100.000	12	0	0	447	458	384088	384099	36	23.8
random_query_sequence	database	85.714	21	3	0	365	385	396593	396613	36	23.8
random_query_sequence	database	100.000	12	0	0	468	479	401704	401715	36	23.8
random_query_sequence	database	93.333	15	1	0	18	32	403605	403619	36	23.8
random_query_sequence	database	93.333	15	1	0	371	385	414124	414138	36	23.8
random_query_sequence	database	93.333	15	1	0	619	633	419590	419604	36	23.8
random_query_sequence	database	100.000	12	0	0	287	298	445259	445270	36	23.8
random_query_sequence	database	93.333	15	1	0	543	557	446565	446579	36	23.8
random_query_sequence	database	93.333	15	1	0	811	825	453781	453795	36	23.8
random_query_sequence	database	100.000	12	0	0	504	515	455846	455857	36	23.8
random_query_sequence	database	100.000	12	0	0	242	253	464880	464891	36	23.8
random_query_sequence	database	100.000	12	0	0	242	253	476526	476537	36	23.8
random_query_sequence	database	100.000	12	0	0	242	253	481740	481751	36	23.8
random_query_sequence	database	100.000	12	0	0	346	357	488552	488563	36	23.8
random_query_sequence	database	100.000	12	0	0	273	284	489188	489199	36	23.8
random_query_sequence	database	100.000	12	0	0	21	32	496336	496347	36	23.8
random_query_sequence	database	88.889	18	2	0	791	808	502045	502062	36	23.8
random_query_sequence	database	93.333	15	1	0	623	637	508485	508499	36	23.8
random_query_sequence	database	100.000	12	0	0	490	501	512694	512705	36	23.8
random_query_sequence	database	100.000	12	0	0	503	514	514665	514676	36	23.8
random_query_sequence	database	93.333	15	1	0	664	678	518945	518959	36	23.8
random_query_sequence	database	100.000	12	0	0	757	768	526240	526251	36	23.8
random_query_sequence	database	100.000	12	0	0	809	820	536673	536684	36	23.8
random_query_sequence	database	88.889	18	2	0	203	220	541615	541632	36	23.8
random_query_sequence	database	93.333	15	1	0	73	87	551159	551173	36	23.8
random_query_sequence	database	100.000	12	0	0	594	605	570099	570110	36	23.8
random_query_sequence	database	93.333	15	1	0	371	385	572902	572916	36	23.8
random_query_sequence	database	100.000	11	0	0	672	682	133	143	136	21.8
random_query_sequence	database	92.857	14	1	0	809	822	4315	4328	136	21.8
random_query_sequence	database	100.000	11	0	0	492	502	11698	11708	136	21.8
random_query_sequence	database	92.857	14	1	0	31	44	12541	12554	136	21.8
random_query_sequence	database	100.000	11	0	0	555	565	15231	15241	136	21.8
random_query_sequence	database	88.235	17	2	0	32	48	15787	15803	136	21.8
random_query_sequence	database	92.857	14	1	0	406	419	20545	20558	136	21.8
random_query_sequence	database	100.000	11	0	0	515	525	23429	23439	136	21.8
random_query_sequence	database	100.000	11	0	0	377	387	29028	29038	136	21.8
random_query_sequence	database	88.235	17	2	0	145	161	31654	31670	136	21.8
random_query_sequence	database	100.000	11	0	0	20	30	31841	31851	136	21.8
random_query_sequence	database	100.000	11	0	0	819	829	32214	32224	136	21.8
random_query_sequence	database	100.000	11	0	0	638	648	32941	32951	136	21.8
random_query_sequence	database	88.235	17	2	0	455	471	36287	36303	136	21.8
random_query_sequence	database	100.000	11	0	0	486	496	37429	37439	136	21.8
random_query_sequence	database	100.000	11	0	0	486	496	37429	37439	136	21.8
random_query_sequence	database	100.000	11	0	0	459	469	37832	37842	136	21.8
random_query_sequence	database	100.000	11	0	0	706	716	43705	43715	136	21.8
random_query_sequence	database	92.857	14	1	0	203	216	47493	47506	136	21.8
random_query_sequence	database	100.000	11	0	0	795	805	50268	50278	136	21.8
random_query_sequence	database	100.000	11	0	0	419	429	54897	54907	136	21.8
random_query_sequence	database	88.235	17	2	0	557	573	58103	58119	136	21.8
random_query_sequence	database	88.235	17	2	0	67	83	60646	60662	136	21.8
random_query_sequence	database	92.857	14	1	0	169	182	65850	65863	136	21.8
random_query_sequence	database	100.000	11	0	0	225	235	68074	68084	136	21.8
random_query_sequence	database	100.000	11	0	0	246	256	73012	73022	136	21.8
random_query_sequence	database	100.000	11	0	0	549	559	74876	74886	136	21.8
random_query_sequence	database	92.857	14	1	0	291	304	77966	77979	136	21.8
random_query_sequence	database	92.857	14	1	0	181	194	78076	78089	136	21.8
random_query_sequence	database	100.000	11	0	0	242	252	78868	78878	136	21.8
random_query_sequence	database	100.000	11	0	0	743	753	81853	81863	136	21.8
random_query_sequence	database	88.235	17	2	0	736	752	83698	83714	136	21.8
random_query_sequence	database	100.000	11	0	0	555	565	83964	83974	136	21.8
random_query_sequence	database	100.000	11	0	0	176	186	85605	85615	136	21.8
random_query_sequence	database	100.000	11	0	0	838	848	86027	86037	136	21.8
random_query_sequence	database	88.235	17	2	0	134	150	86245	86261	136	21.8
random_query_sequence	database	88.235	17	2	0	538	554	86322	86338	136	21.8
random_query_sequence	database	100.000	11	0	0	372	382	86957	86967	136	21.8
random_query_sequence	database	100.000	11	0	0	595	605	90072	90082	136	21.8
random_query_sequence	database	92.857	14	1	0	767	780	90851	90864	136	21.8
random_query_sequence	database	100.000	11	0	0	814	824	93035	93045	136	21.8
random_query_sequence	database	100.000	11	0	0	464	474	93767	93777	136	21.8
random_query_sequence	database	100.000	11	0	0	464	474	94250	94260	136	21.8
random_query_sequence	database	88.235	17	2	0	364	380	94730	94746	136	21.8
random_query_sequence	database	100.000	11	0	0	369	379	98095	98105	136	21.8
random_query_sequence	database	92.857	14	1	0	459	472	99931	99944	136	21.8
random_query_sequence	database	100.000	11	0	0	738	748	110534	110544	136	21.8
random_query_sequence	database	100.000	11	0	0	127	137	110762	110772	136	21.8
random_query_sequence	database	92.857	14	1	0	541	554	111215	111228	136	21.8
random_query_sequence	database	100.000	11	0	0	224	234	112506	112516	136	21.8
random_query_sequence	database	92.857	14	1	0	371	384	115470	115483	136	21.8
random_query_sequence	database	100.000	11	0	0	77	87	116230	116240	136	21.8
random_query_sequence	database	100.000	11	0	0	376	386	116362	116372	136	21.8
random_query_sequence	database	100.000	11	0	0	845	855	124438	124448	136	21.8
random_query_sequence	database	100.000	11	0	0	619	629	124713	124723	136	21.8
random_query_sequence	database	100.000	11	0	0	628	638	127802	127812	136	21.8
random_query_sequence	database	92.857	14	1	0	527	540	127914	127927	136	21.8
random_query_sequence	database	92.857	14	1	0	386	399	128427	128440	136	21.8
random_query_sequence	database	100.000	11	0	0	743	753	140358	140368	136	21.8
random_query_sequence	database	92.857	14	1	0	79	92	142623	142636	136	21.8
random_query_sequence	database	92.857	14	1	0	665	678	143660	143673	136	21.8
random_query_sequence	database	85.000	20	3	0	719	738	144081	144100	136	21.8
random_query_sequence	database	92.857	14	1	0	543	556	153537	153550	136	21.8
random_query_sequence	database	92.857	14	1	0	283	296	153897	153910	136	21.8
random_query_sequence	database	92.857	14	1	0	445	458	154090	154103	136	21.8
random_query_sequence	database	88.235	17	2	0	164	180	155909	155925	136	21.8
random_query_sequence	database	100.000	11	0	0	485	495	158840	158850	136	21.8
random_query_sequence	database	92.857	14	1	0	502	515	162909	162922	136	21.8
random_query_sequence	database	100.000	11	0	0	373	383	166648	166658	136	21.8
random_query_sequence	database	100.000	11	0	0	625	635	171937	171947	136	21.8
random_query_sequence	database	100.000	11	0	0	809	819	173097	173107	136	21.8
random_query_sequence	database	92.857	14	1	0	794	807	174020	174033	136	21.8
random_query_sequence	database	100.000	11	0	0	19	29	174689	174699	136	21.8
random_query_sequence	database	88.235	17	2	0	638	654	177201	177217	136	21.8
random_query_sequence	database	92.857	14	1	0	800	813	179122	179135	136	21.8
random_query_sequence	database	88.235	17	2	0	367	383	182275	182291	136	21.8
random_query_sequence	database	100.000	11	0	0	208	218	184907	184917	136	21.8
random_query_sequence	database	100.000	11	0	0	307	317	189286	189296	136	21.8
random_query_sequence	database	100.000	11	0	0	22	32	189972	189982	136	21.8
random_query_sequence	database	100.000	11	0	0	503	513	194772	194782	136	21.8
random_query_sequence	database	100.000	11	0	0	579	589	196380	196390	136	21.8
random_query_sequence	database	100.000	11	0	0	809	819	200897	200907	136	21.8
random_query_sequence	database	100.000	11	0	0	772	782	201513	201523	136	21.8
random_query_sequence	database	92.857	14	1	0	118	131	202051	202064	136	21.8
random_query_sequence	database	100.000	11	0	0	664	674	211628	211638	136	21.8
random_query_sequence	database	100.000	11	0	0	225	235	212773	212783	136	21.8
random_query_sequence	database	92.857	14	1	0	286	299	217989	218002	136	21.8
random_query_sequence	database	100.000	11	0	0	645	655	218078	218088	136	21.8
random_query_sequence	database	100.000	11	0	0	14	24	218890	218900	136	21.8
random_query_sequence	database	100.000	11	0	0	761	771	222116	222126	136	21.8
random_query_sequence	database	88.235	17	2	0	370	386	222930	222946	136	21.8
random_query_sequence	database	92.857	14	1	0	412	425	223846	223859	136	21.8
random_query_sequence	database	100.000	11	0	0	307	317	225100	225110	136	21.8
random_query_sequence	database	100.000	11	0	0	437	447	226065	226075	136	21.8
random_query_sequence	database	100.000	11	0	0	673	683	229135	229145	136	21.8
random_query_sequence	database	100.000	11	0	0	550	560	234544	234554	136	21.8
random_query_sequence	database	100.000	11	0	0	721	731	234917	234927	136	21.8
random_query_sequence	database	88.235	17	2	0	544	560	238799	238815	136	21.8
random_query_sequence	database	100.000	11	0	0	555	565	244954	244964	136	21.8
random_query_sequence	database	92.857	14	1	0	401	414	247340	247353	136	21.8
random_query_sequence	database	100.000	11	0	0	418	428	247797	247807	136	21.8
random_query_sequence	database	100.000	11	0	0	136	146	247966	247976	136	21.8
random_query_sequence	database	92.857	14	1	0	41	54	269868	269881	136	21.8
random_query_sequence	database	82.609	23	4	0	643	665	272458	272480	136	21.8
random_query_sequence	database	100.000	11	0	0	817	827	276302	276312	136	21.8
random_query_sequence	database	100.000	11	0	0	815	825	277119	277129	136	21.8
random_query_sequence	database	100.000	11	0	0	325	335	278525	278535	136	21.8
random_query_sequence	database	100.000	11	0	0	673	683	279830	279840	136	21.8
random_query_sequence	database	100.000	11	0	0	413	423	286288	286298	136	21.8
random_query_sequence	database	100.000	11	0	0	632	642	288755	288765	136	21.8
random_query_sequence	database	100.000	11	0	0	550	560	292061	292071	136	21.8
random_query_sequence	database	100.000	11	0	0	471	481	295355	295365	136	21.8
random_query_sequence	database	100.000	11	0	0	632	642	296637	296647	136	21.8
random_query_sequence	database	100.000	11	0	0	550	560	299841	299851	136	21.8
random_query_sequence	database	100.000	11	0	0	17	27	301636	301646	136	21.8
random_query_sequence	database	100.000	11	0	0	838	848	301661	301671	136	21.8
random_query_sequence	database	100.000	11	0	0	550	560	306067	306077	136	21.8
random_query_sequence	database	100.000	11	0	0	218	228	310587	310597	136	21.8
random_query_sequence	database	100.000	11	0	0	652	662	313158	313168	136	21.8
random_query_sequence	database	100.000	11	0	0	543	553	313634	313644	136	21.8
random_query_sequence	database	100.000	11	0	0	149	159	318265	318275	136	21.8
random_query_sequence	database	100.000	11	0	0	7	17	323137	323147	136	21.8
random_query_sequence	database	100.000	11	0	0	318	328	327178	327188	136	21.8
random_query_sequence	database	85.000	20	3	0	127	146	330848	330867	136	21.8
random_query_sequence	database	92.857	14	1	0	160	173	332849	332862	136	21.8
random_query_sequence	database	88.235	17	2	0	537	553	334241	334257	136	21.8
random_query_sequence	database	92.857	14	1	0	407	420	334684	334697	136	21.8
random_query_sequence	database	92.857	14	1	0	397	410	343589	343602	136	21.8
random_query_sequence	database	100.000	11	0	0	584	594	344656	344666	136	21.8
random_query_sequence	database	100.000	11	0	0	768	778	345221	345231	136	21.8
random_query_sequence	database	100.000	11	0	0	215	225	346756	346766	136	21.8
random_query_sequence	database	92.857	14	1	0	741	754	347273	347286	136	21.8
random_query_sequence	database	100.000	11	0	0	814	824	350643	350653	136	21.8
random_query_sequence	database	85.000	20	3	0	721	740	351078	351097	136	21.8
random_query_sequence	database	85.000	20	3	0	105	124	355027	355046	136	21.8
random_query_sequence	database	100.000	11	0	0	1	11	357121	357131	136	21.8
random_query_sequence	database	92.857	14	1	0	72	85	358358	358371	136	21.8
random_query_sequence	database	100.000	11	0	0	233	243	358359	358369	136	21.8
random_query_sequence	database	100.000	11	0	0	792	802	358475	358485	136	21.8
random_query_sequence	database	100.000	11	0	0	363	373	362261	362271	136	21.8
random_query_sequence	database	100.000	11	0	0	407	417	363828	363838	136	21.8
random_query_sequence	database	100.000	11	0	0	161	171	371542	371552	136	21.8
random_query_sequence	database	100.000	11	0	0	353	363	378177	378187	136	21.8
random_query_sequence	database	92.857	14	1	0	143	156	383977	383990	136	21.8
random_query_sequence	database	100.000	11	0	0	116	126	384081	384091	136	21.8
random_query_sequence	database	100.000	11	0	0	126	136	384472	384482	136	21.8
random_query_sequence	database	100.000	11	0	0	325	335	384535	384545	136	21.8
random_query_sequence	database	100.000	11	0	0	293	303	388491	388501	136	21.8
random_query_sequence	database	100.000	11	0	0	237	247	389399	389409	136	21.8
random_query_sequence	database	92.857	14	1	0	16	29	391610	391623	136	21.8
random_query_sequence	database	100.000	11	0	0	829	839	394445	394455	136	21.8
random_query_sequence	database	100.000	11	0	0	464	474	396305	396315	136	21.8
random_query_sequence	database	100.000	11	0	0	465	475	399557	399567	136	21.8
random_query_sequence	database	100.000	11	0	0	465	475	402472	402482	136	21.8
random_query_sequence	database	100.000	11	0	0	648	658	402798	402808	136	21.8
random_query_sequence	database	100.000	11	0	0	147	157	407247	407257	136	21.8
random_query_sequence	database	88.235	17	2	0	178	194	407597	407613	136	21.8
random_query_sequence	database	88.235	17	2	0	367	383	409181	409197	136	21.8
random_query_sequence	database	85.000	20	3	0	528	547	413942	413961	136	21.8
random_query_sequence	database	92.857	14	1	0	45	58	415236	415249	136	21.8
random_query_sequence	database	100.000	11	0	0	625	635	417825	417835	136	21.8
random_query_sequence	database	100.000	11	0	0	739	749	417865	417875	136	21.8
random_query_sequence	database	92.857	14	1	0	21	34	419097	419110	136	21.8
random_query_sequence	database	92.857	14	1	0	671	684	419515	419528	136	21.8
random_query_sequence	database	100.000	11	0	0	577	587	422792	422802	136	21.8
random_query_sequence	database	100.000	11	0	0	469	479	424297	424307	136	21.8
random_query_sequence	database	92.857	14	1	0	676	689	428509	428522	136	21.8
random_query_sequence	database	100.000	11	0	0	558	568	442417	442427	136	21.8
random_query_sequence	database	100.000	11	0	0	181	191	445263	445273	136	21.8
random_query_sequence	database	92.857	14	1	0	465	478	448906	448919	136	21.8
random_query_sequence	database	100.000	11	0	0	504	514	449088	449098	136	21.8
random_query_sequence	database	100.000	11	0	0	772	782	458255	458265	136	21.8
random_query_sequence	database	100.000	11	0	0	657	667	458729	458739	136	21.8
random_query_sequence	database	100.000	11	0	0	136	146	461653	461663	136	21.8
random_query_sequence	database	88.235	17	2	0	503	519	464964	464980	136	21.8
random_query_sequence	database	92.857	14	1	0	738	751	466357	466370	136	21.8
random_query_sequence	database	92.857	14	1	0	767	780	467515	467528	136	21.8
random_query_sequence	database	92.857	14	1	0	236	249	468081	468094	136	21.8
random_query_sequence	database	88.235	17	2	0	11	27	474770	474786	136	21.8
random_query_sequence	database	92.857	14	1	0	622	635	482099	482112	136	21.8
random_query_sequence	database	100.000	11	0	0	17	27	482411	482421	136	21.8
random_query_sequence	database	100.000	11	0	0	555	565	483645	483655	136	21.8
random_query_sequence	database	100.000	11	0	0	823	833	484250	484260	136	21.8
random_query_sequence	database	100.000	11	0	0	817	827	488348	488358	136	21.8
random_query_sequence	database	100.000	11	0	0	539	549	491162	491172	136	21.8
random_query_sequence	database	92.857	14	1	0	811	824	493665	493678	136	21.8
random_query_sequence	database	100.000	11	0	0	844	854	495087	495097	136	21.8
random_query_sequence	database	92.857	14	1	0	817	830	495126	495139	136	21.8
random_query_sequence	database	92.857	14	1	0	245	258	498250	498263	136	21.8
random_query_sequence	database	100.000	11	0	0	501	511	499713	499723	136	21.8
random_query_sequence	database	100.000	11	0	0	438	448	501017	501027	136	21.8
random_query_sequence	database	100.000	11	0	0	741	751	501641	501651	136	21.8
random_query_sequence	database	92.857	14	1	0	590	603	502008	502021	136	21.8
random_query_sequence	database	100.000	11	0	0	242	252	502542	502552	136	21.8
random_query_sequence	database	92.857	14	1	0	284	297	507856	507869	136	21.8
random_query_sequence	database	88.235	17	2	0	141	157	510985	511001	136	21.8
random_query_sequence	database	100.000	11	0	0	737	747	511854	511864	136	21.8
random_query_sequence	database	100.000	11	0	0	547	557	512912	512922	136	21.8
random_query_sequence	database	88.235	17	2	0	812	828	516001	516017	136	21.8
random_query_sequence	database	100.000	11	0	0	623	633	519600	519610	136	21.8
random_query_sequence	database	100.000	11	0	0	283	293	519999	520009	136	21.8
random_query_sequence	database	100.000	11	0	0	813	823	528343	528353	136	21.8
random_query_sequence	database	100.000	11	0	0	783	793	529739	529749	136	21.8
random_query_sequence	database	100.000	11	0	0	289	299	536368	536378	136	21.8
random_query_sequence	database	88.235	17	2	0	14	30	538495	538511	136	21.8
random_query_sequence	database	100.000	11	0	0	551	561	539008	539018	136	21.8
random_query_sequence	database	92.857	14	1	0	197	210	544219	544232	136	21.8
random_query_sequence	database	100.000	11	0	0	795	805	546380	546390	136	21.8
random_query_sequence	database	92.857	14	1	0	356	369	547408	547421	136	21.8
random_query_sequence	database	100.000	11	0	0	124	134	550818	550828	136	21.8
random_query_sequence	database	92.857	14	1	0	533	546	553448	553461	136	21.8
random_query_sequence	database	92.857	14	1	0	178	191	557412	557425	136	21.8
random_query_sequence	database	100.000	11	0	0	615	625	561300	561310	136	21.8
random_query_sequence	database	100.000	11	0	0	238	248	566673	566683	136	21.8
random_query_sequence	database	100.000	11	0	0	801	811	571027	571037	136	21.8
random_query_sequence	database	100.000	11	0	0	622	632	574814	574824	136	21.8
random_query_sequence	database	100.000	11	0	0	550	560	579279	579289	136	21.8
random_query_sequence	database	100.000	11	0	0	789	799	585105	585115	136	21.8
random_query_sequence	database	100.000	11	0	0	238	248	588481	588491	136	21.8
random_query_sequence	database	100.000	11	0	0	622	632	590481	590491	136	21.8
random_query_sequence	database	100.000	11	0	0	284	294	591937	591947	136	21.8
random_query_sequence	database	100.000	11	0	0	232	242	595094	595104	136	21.8
random_query_sequence	database	92.857	14	1	0	281	294	599382	599395	136	21.8
random_query_sequence	database	100.000	11	0	0	41	51	600003	600013	136	21.8
random_query_sequence	database	84.211	19	3	0	728	746	143	161	516	19.9
random_query_sequence	database	100.000	10	0	0	274	283	182	191	516	19.9
random_query_sequence	database	92.308	13	1	0	130	142	232	244	516	19.9
random_query_sequence	database	87.500	16	2	0	408	423	599	614	516	19.9
random_query_sequence	database	100.000	10	0	0	292	301	1004	1013	516	19.9
random_query_sequence	database	100.000	10	0	0	745	754	1479	1488	516	19.9
random_query_sequence	database	100.000	10	0	0	722	731	1943	1952	516	19.9
random_query_sequence	database	100.000	10	0	0	378	387	2217	2226	516	19.9
random_query_sequence	database	92.308	13	1	0	653	665	3207	3219	516	19.9
random_query_sequence	database	92.308	13	1	0	585	597	4803	4815	516	19.9
random_query_sequence	database	100.000	10	0	0	290	299	5318	5327	516	19.9
random_query_sequence	database	100.000	10	0	0	459	468	6524	6533	516	19.9
random_query_sequence	database	92.308	13	1	0	509	521	6563	6575	516	19.9
random_query_sequence	database	92.308	13	1	0	613	625	7691	7703	516	19.9
random_query_sequence	database	87.500	16	2	0	220	235	7783	7798	516	19.9
random_query_sequence	database	100.000	10	0	0	128	137	8897	8906	516	19.9
random_query_sequence	database	100.000	10	0	0	258	267	9385	9394	516	19.9
random_query_sequence	database	92.308	13	1	0	678	690	10990	11002	516	19.9
random_query_sequence	database	100.000	10	0	0	538	547	11058	11067	516	19.9
random_query_sequence	database	100.000	10	0	0	463	472	11067	11076	516	19.9
random_query_sequence	database	100.000	10	0	0	292	301	12420	12429	516	19.9
random_query_sequence	database	100.000	10	0	0	437	446	12753	12762	516	19.9
random_query_sequence	database	92.308	13	1	0	437	449	15918	15930	516	19.9
random_query_sequence	database	100.000	10	0	0	465	474	17070	17079	516	19.9
random_query_sequence	database	92.308	13	1	0	64	76	17713	17725	516	19.9
random_query_sequence	database	100.000	10	0	0	199	208	18580	18589	516	19.9
random_query_sequence	database	100.000	10	0	0	619	628	21656	21665	516	19.9
random_query_sequence	database	100.000	10	0	0	492	501	21949	21958	516	19.9
random_query_sequence	database	87.500	16	2	0	505	520	22819	22834	516	19.9
random_query_sequence	database	100.000	10	0	0	504	513	23201	23210	516	19.9
random_query_sequence	database	100.000	10	0	0	685	694	23499	23508	516	19.9
random_query_sequence	database	92.308	13	1	0	168	180	23807	23819	516	19.9
random_query_sequence	database	92.308	13	1	0	468	480	24104	24116	516	19.9
random_query_sequence	database	100.000	10	0	0	418	427	25779	25788	516	19.9
random_query_sequence	database	100.000	10	0	0	682	691	27229	27238	516	19.9
random_query_sequence	database	100.000	10	0	0	554	563	27454	27463	516	19.9
random_query_sequence	database	100.000	10	0	0	742	751	27618	27627	516	19.9
random_query_sequence	database	92.308	13	1	0	841	853	29710	29722	516	19.9
random_query_sequence	database	100.000	10	0	0	822	831	31152	31161	516	19.9
random_query_sequence	database	100.000	10	0	0	379	388	31540	31549	516	19.9
random_query_sequence	database	87.500	16	2	0	10	25	32629	32644	516	19.9
random_query_sequence	database	92.308	13	1	0	351	363	33481	33493	516	19.9
random_query_sequence	database	100.000	10	0	0	167	176	34333	34342	516	19.9
random_query_sequence	database	100.000	10	0	0	43	52	35564	35573	516	19.9
random_query_sequence	database	100.000	10	0	0	43	52	35679	35688	516	19.9
random_query_sequence	database	100.000	10	0	0	809	818	35731	35740	516	19.9
random_query_sequence	database	92.308	13	1	0	791	803	35742	35754	516	19.9
random_query_sequence	database	100.000	10	0	0	255	264	36168	36177	516	19.9
random_query_sequence	database	92.308	13	1	0	556	568	36857	36869	516	19.9
random_query_sequence	database	92.308	13	1	0	621	633	36980	36992	516	19.9
random_query_sequence	database	92.308	13	1	0	502	514	38902	38914	516	19.9
random_query_sequence	database	100.000	10	0	0	549	558	39945	39954	516	19.9
random_query_sequence	database	100.000	10	0	0	506	515	40000	40009	516	19.9
random_query_sequence	database	92.308	13	1	0	792	804	40377	40389	516	19.9
random_query_sequence	database	100.000	10	0	0	408	417	41017	41026	516	19.9
random_query_sequence	database	100.000	10	0	0	753	762	41039	41048	516	19.9
random_query_sequence	database	100.000	10	0	0	795	804	41674	41683	516	19.9
random_query_sequence	database	100.000	10	0	0	795	804	41845	41854	516	19.9
random_query_sequence	database	100.000	10	0	0	744	753	42344	42353	516	19.9
random_query_sequence	database	100.000	10	0	0	18	27	43388	43397	516	19.9
random_query_sequence	database	100.000	10	0	0	22	31	45202	45211	516	19.9
random_query_sequence	database	100.000	10	0	0	277	286	46187	46196	516	19.9
random_query_sequence	database	92.308	13	1	0	414	426	46353	46365	516	19.9
random_query_sequence	database	100.000	10	0	0	186	195	47205	47214	516	19.9
random_query_sequence	database	87.500	16	2	0	22	37	51139	51154	516	19.9
random_query_sequence	database	92.308	13	1	0	815	827	51947	51959	516	19.9
random_query_sequence	database	100.000	10	0	0	258	267	52241	52250	516	19.9
random_query_sequence	database	100.000	10	0	0	181	190	53393	53402	516	19.9
random_query_sequence	database	100.000	10	0	0	405	414	54146	54155	516	19.9
random_query_sequence	database	100.000	10	0	0	463	472	55603	55612	516	19.9
random_query_sequence	database	100.000	10	0	0	625	634	56834	56843	516	19.9
random_query_sequence	database	100.000	10	0	0	214	223	57405	57414	516	19.9
random_query_sequence	database	100.000	10	0	0	232	241	58370	58379	516	19.9
random_query_sequence	database	100.000	10	0	0	666	675	59192	59201	516	19.9
random_query_sequence	database	92.308	13	1	0	542	554	59489	59501	516	19.9
random_query_sequence	database	100.000	10	0	0	790	799	59547	59556	516	19.9
random_query_sequence	database	100.000	10	0	0	843	852	60086	60095	516	19.9
random_query_sequence	database	100.000	10	0	0	816	825	61300	61309	516	19.9
random_query_sequence	database	100.000	10	0	0	848	857	63146	63155	516	19.9
random_query_sequence	database	100.000	10	0	0	795	804	65091	65100	516	19.9
random_query_sequence	database	100.000	10	0	0	677	686	65824	65833	516	19.9
random_query_sequence	database	100.000	10	0	0	467	476	66238	66247	516	19.9
random_query_sequence	database	100.000	10	0	0	545	554	67806	67815	516	19.9
random_query_sequence	database	100.000	10	0	0	682	691	69978	69987	516	19.9
random_query_sequence	database	92.308	13	1	0	299	311	70467	70479	516	19.9
random_query_sequence	database	92.308	13	1	0	756	768	70886	70898	516	19.9
random_query_sequence	database	100.000	10	0	0	232	241	71397	71406	516	19.9
random_query_sequence	database	100.000	10	0	0	638	647	71566	71575	516	19.9
random_query_sequence	database	100.000	10	0	0	17	26	72721	72730	516	19.9
random_query_sequence	database	100.000	10	0	0	821	830	72916	72925	516	19.9
random_query_sequence	database	100.000	10	0	0	818	827	73062	73071	516	19.9
random_query_sequence	database	84.211	19	3	0	640	658	73945	73963	516	19.9
random_query_sequence	database	92.308	13	1	0	300	312	74299	74311	516	19.9
random_query_sequence	database	100.000	10	0	0	795	804	74742	74751	516	19.9
random_query_sequence	database	100.000	10	0	0	637	646	75261	75270	516	19.9
random_query_sequence	database	100.000	10	0	0	633	642	75631	75640	516	19.9
random_query_sequence	database	100.000	10	0	0	62	71	76652	76661	516	19.9
random_query_sequence	database	100.000	10	0	0	605	614	78808	78817	516	19.9
random_query_sequence	database	92.308	13	1	0	371	383	78951	78963	516	19.9
random_query_sequence	database	100.000	10	0	0	184	193	79103	79112	516	19.9
random_query_sequence	database	92.308	13	1	0	289	301	79424	79436	516	19.9
random_query_sequence	database	100.000	10	0	0	268	277	79486	79495	516	19.9
random_query_sequence	database	92.308	13	1	0	178	190	81121	81133	516	19.9
random_query_sequence	database	100.000	10	0	0	44	53	81192	81201	516	19.9
random_query_sequence	database	92.308	13	1	0	693	705	81201	81213	516	19.9
random_query_sequence	database	100.000	10	0	0	767	776	82060	82069	516	19.9
random_query_sequence	database	87.500	16	2	0	159	174	82300	82315	516	19.9
random_query_sequence	database	100.000	10	0	0	482	491	83445	83454	516	19.9
random_query_sequence	database	92.308	13	1	0	808	820	85265	85277	516	19.9
random_query_sequence	database	100.000	10	0	0	660	669	85867	85876	516	19.9
random_query_sequence	database	92.308	13	1	0	434	446	86030	86042	516	19.9
random_query_sequence	database	100.000	10	0	0	357	366	86646	86655	516	19.9
random_query_sequence	database	87.500	16	2	0	551	566	89987	90002	516	19.9
random_query_sequence	database	100.000	10	0	0	303	312	91945	91954	516	19.9
random_query_sequence	database	92.308	13	1	0	755	767	93018	93030	516	19.9
random_query_sequence	database	100.000	10	0	0	273	282	93253	93262	516	19.9
random_query_sequence	database	92.308	13	1	0	177	189	94834	94846	516	19.9
random_query_sequence	database	92.308	13	1	0	675	687	95752	95764	516	19.9
random_query_sequence	database	100.000	10	0	0	815	824	97211	97220	516	19.9
random_query_sequence	database	100.000	10	0	0	831	840	98008	98017	516	19.9
random_query_sequence	database	100.000	10	0	0	619	628	98192	98201	516	19.9
random_query_sequence	database	100.000	10	0	0	664	673	99117	99126	516	19.9
random_query_sequence	database	100.000	10	0	0	789	798	99167	99176	516	19.9
random_query_sequence	database	87.500	16	2	0	168	183	99668	99683	516	19.9
random_query_sequence	database	100.000	10	0	0	542	551	100259	100268	516	19.9
random_query_sequence	database	92.308	13	1	0	208	220	100458	100470	516	19.9
random_query_sequence	database	87.500	16	2	0	116	131	103241	103256	516	19.9
random_query_sequence	database	92.308	13	1	0	693	705	103592	103604	516	19.9
random_query_sequence	database	100.000	10	0	0	625	634	104380	104389	516	19.9
random_query_sequence	database	100.000	10	0	0	791	800	104461	104470	516	19.9
random_query_sequence	database	100.000	10	0	0	632	641	104658	104667	516	19.9
random_query_sequence	database	87.500	16	2	0	237	252	105131	105146	516	19.9
random_query_sequence	database	92.308	13	1	0	6	18	108938	108950	516	19.9
random_query_sequence	database	100.000	10	0	0	537	546	109717	109726	516	19.9
random_query_sequence	database	100.000	10	0	0	463	472	110027	110036	516	19.9
random_query_sequence	database	100.000	10	0	0	623	632	110647	110656	516	19.9
random_query_sequence	database	100.000	10	0	0	209	218	111287	111296	516	19.9
random_query_sequence	database	100.000	10	0	0	621	630	111358	111367	516	19.9
random_query_sequence	database	100.000	10	0	0	443	452	111545	111554	516	19.9
random_query_sequence	database	100.000	10	0	0	504	513	112879	112888	516	19.9
random_query_sequence	database	84.211	19	3	0	831	849	112993	113011	516	19.9
random_query_sequence	database	100.000	10	0	0	847	856	113134	113143	516	19.9
random_query_sequence	database	100.000	10	0	0	755	764	113691	113700	516	19.9
random_query_sequence	database	100.000	10	0	0	801	810	115340	115349	516	19.9
random_query_sequence	database	100.000	10	0	0	772	781	115755	115764	516	19.9
random_query_sequence	database	87.500	16	2	0	596	611	116495	116510	516	19.9
random_query_sequence	database	81.818	22	4	0	131	152	119412	119433	516	19.9
random_query_sequence	database	100.000	10	0	0	600	609	119856	119865	516	19.9
random_query_sequence	database	100.000	10	0	0	469	478	120104	120113	516	19.9
random_query_sequence	database	92.308	13	1	0	786	798	120420	120432	516	19.9
random_query_sequence	database	100.000	10	0	0	94	103	123720	123729	516	19.9
random_query_sequence	database	100.000	10	0	0	516	525	123891	123900	516	19.9
random_query_sequence	database	92.308	13	1	0	361	373	125733	125745	516	19.9
random_query_sequence	database	100.000	10	0	0	294	303	127902	127911	516	19.9
random_query_sequence	database	100.000	10	0	0	205	214	128632	128641	516	19.9
random_query_sequence	database	100.000	10	0	0	325	334	129863	129872	516	19.9
random_query_sequence	database	92.308	13	1	0	291	303	131533	131545	516	19.9
random_query_sequence	database	100.000	10	0	0	544	553	135754	135763	516	19.9
random_query_sequence	database	100.000	10	0	0	269	278	136357	136366	516	19.9
random_query_sequence	database	100.000	10	0	0	823	832	137223	137232	516	19.9
random_query_sequence	database	100.000	10	0	0	554	563	137325	137334	516	19.9
random_query_sequence	database	100.000	10	0	0	628	637	137977	137986	516	19.9
random_query_sequence	database	100.000	10	0	0	320	329	138437	138446	516	19.9
random_query_sequence	database	100.000	10	0	0	201	210	138454	138463	516	19.9
random_query_sequence	database	100.000	10	0	0	138	147	138934	138943	516	19.9
random_query_sequence	database	92.308	13	1	0	562	574	141457	141469	516	19.9
random_query_sequence	database	100.000	10	0	0	203	212	141785	141794	516	19.9
random_query_sequence	database	100.000	10	0	0	152	161	142442	142451	516	19.9
random_query_sequence	database	87.500	16	2	0	753	768	142513	142528	516	19.9
random_query_sequence	database	100.000	10	0	0	634	643	142581	142590	516	19.9
random_query_sequence	database	100.000	10	0	0	276	285	142716	142725	516	19.9
random_query_sequence	database	87.500	16	2	0	812	827	144110	144125	516	19.9
random_query_sequence	database	100.000	10	0	0	411	420	146554	146563	516	19.9
random_query_sequence	database	100.000	10	0	0	200	209	146557	146566	516	19.9
random_query_sequence	database	100.000	10	0	0	657	666	146671	146680	516	19.9
random_query_sequence	database	84.211	19	3	0	487	505	147012	147030	516	19.9
random_query_sequence	database	92.308	13	1	0	84	96	147245	147257	516	19.9
random_query_sequence	database	84.211	19	3	0	817	835	149214	149232	516	19.9
random_query_sequence	database	100.000	10	0	0	490	499	149902	149911	516	19.9
random_query_sequence	database	100.000	10	0	0	847	856	149929	149938	516	19.9
random_query_sequence	database	100.000	10	0	0	187	196	150090	150099	516	19.9
random_query_sequence	database	92.308	13	1	0	657	669	151048	151060	516	19.9
random_query_sequence	database	84.211	19	3	0	762	780	151713	151731	516	19.9
random_query_sequence	database	100.000	10	0	0	641	650	152029	152038	516	19.9
random_query_sequence	database	100.000	10	0	0	466	475	152075	152084	516	19.9
random_query_sequence	database	87.500	16	2	0	417	432	152604	152619	516	19.9
random_query_sequence	database	92.308	13	1	0	681	693	153391	153403	516	19.9
random_query_sequence	database	87.500	16	2	0	465	480	154688	154703	516	19.9
random_query_sequence	database	100.000	10	0	0	554	563	155984	155993	516	19.9
random_query_sequence	database	100.000	10	0	0	646	655	156174	156183	516	19.9
random_query_sequence	database	100.000	10	0	0	624	633	156295	156304	516	19.9
random_query_sequence	database	84.211	19	3	0	130	148	156715	156733	516	19.9
random_query_sequence	database	100.000	10	0	0	811	820	157481	157490	516	19.9
random_query_sequence	database	100.000	10	0	0	772	781	160154	160163	516	19.9
random_query_sequence	database	100.000	10	0	0	524	533	163916	163925	516	19.9
random_query_sequence	database	87.500	16	2	0	818	833	164579	164594	516	19.9
random_query_sequence	database	92.308	13	1	0	373	385	165188	165200	516	19.9
random_query_sequence	database	100.000	10	0	0	623	632	165736	165745	516	19.9
random_query_sequence	database	92.308	13	1	0	15	27	169086	169098	516	19.9
random_query_sequence	database	92.308	13	1	0	556	568	169321	169333	516	19.9
random_query_sequence	database	100.000	10	0	0	463	472	169669	169678	516	19.9
random_query_sequence	database	87.500	16	2	0	799	814	170572	170587	516	19.9
random_query_sequence	database	100.000	10	0	0	374	383	173159	173168	516	19.9
random_query_sequence	database	100.000	10	0	0	465	474	176980	176989	516	19.9
random_query_sequence	database	92.308	13	1	0	20	32	177482	177494	516	19.9
random_query_sequence	database	87.500	16	2	0	701	716	178580	178595	516	19.9
random_query_sequence	database	100.000	10	0	0	285	294	178708	178717	516	19.9
random_query_sequence	database	100.000	10	0	0	550	559	179267	179276	516	19.9
random_query_sequence	database	100.000	10	0	0	443	452	180387	180396	516	19.9
random_query_sequence	database	92.308	13	1	0	502	514	181361	181373	516	19.9
random_query_sequence	database	92.308	13	1	0	789	801	182916	182928	516	19.9
random_query_sequence	database	81.818	22	4	0	651	672	182948	182969	516	19.9
random_query_sequence	database	92.308	13	1	0	11	23	184658	184670	516	19.9
random_query_sequence	database	92.308	13	1	0	472	484	187539	187551	516	19.9
random_query_sequence	database	100.000	10	0	0	22	31	192075	192084	516	19.9
random_query_sequence	database	100.000	10	0	0	180	189	193665	193674	516	19.9
random_query_sequence	database	100.000	10	0	0	405	414	193923	193932	516	19.9
random_query_sequence	database	100.000	10	0	0	265	274	193987	193996	516	19.9
random_query_sequence	database	100.000	10	0	0	502	511	194745	194754	516	19.9
random_query_sequence	database	92.308	13	1	0	594	606	194947	194959	516	19.9
random_query_sequence	database	92.308	13	1	0	748	760	196076	196088	516	19.9
random_query_sequence	database	100.000	10	0	0	683	692	196252	196261	516	19.9
random_query_sequence	database	92.308	13	1	0	373	385	196741	196753	516	19.9
random_query_sequence	database	100.000	10	0	0	464	473	198273	198282	516	19.9
random_query_sequence	database	92.308	13	1	0	18	30	198837	198849	516	19.9
random_query_sequence	database	87.500	16	2	0	644	659	203359	203374	516	19.9
random_query_sequence	database	92.308	13	1	0	644	656	203365	203377	516	19.9
random_query_sequence	database	100.000	10	0	0	503	512	203720	203729	516	19.9
random_query_sequence	database	100.000	10	0	0	825	834	204168	204177	516	19.9
random_query_sequence	database	92.308	13	1	0	373	385	204237	204249	516	19.9
random_query_sequence	database	100.000	10	0	0	827	836	205105	205114	516	19.9
random_query_sequence	database	92.308	13	1	0	281	293	205548	205560	516	19.9
random_query_sequence	database	100.000	10	0	0	18	27	207785	207794	516	19.9
random_query_sequence	database	100.000	10	0	0	701	710	208330	208339	516	19.9
random_query_sequence	database	81.818	22	4	0	780	801	209081	209102	516	19.9
random_query_sequence	database	100.000	10	0	0	467	476	209135	209144	516	19.9
random_query_sequence	database	92.308	13	1	0	368	380	209179	209191	516	19.9
random_query_sequence	database	92.308	13	1	0	640	652	209213	209225	516	19.9
random_query_sequence	database	92.308	13	1	0	606	618	211507	211519	516	19.9
random_query_sequence	database	100.000	10	0	0	824	833	212280	212289	516	19.9
random_query_sequence	database	100.000	10	0	0	483	492	212933	212942	516	19.9
random_query_sequence	database	100.000	10	0	0	797	806	213130	213139	516	19.9
random_query_sequence	database	100.000	10	0	0	486	495	213706	213715	516	19.9
random_query_sequence	database	100.000	10	0	0	562	571	214202	214211	516	19.9
random_query_sequence	database	100.000	10	0	0	227	236	214356	214365	516	19.9
random_query_sequence	database	92.308	13	1	0	541	553	215809	215821	516	19.9
random_query_sequence	database	92.308	13	1	0	798	810	217222	217234	516	19.9
random_query_sequence	database	92.308	13	1	0	409	421	217921	217933	516	19.9
random_query_sequence	database	100.000	10	0	0	556	565	220729	220738	516	19.9
random_query_sequence	database	100.000	10	0	0	811	820	220741	220750	516	19.9
random_query_sequence	database	92.308	13	1	0	487	499	224048	224060	516	19.9
random_query_sequence	database	100.000	10	0	0	656	665	224361	224370	516	19.9
random_query_sequence	database	100.000	10	0	0	656	665	224361	224370	516	19.9
random_query_sequence	database	100.000	10	0	0	773	782	224636	224645	516	19.9
random_query_sequence	database	100.000	10	0	0	450	459	224753	224762	516	19.9
random_query_sequence	database	100.000	10	0	0	147	156	225731	225740	516	19.9
random_query_sequence	database	100.000	10	0	0	236	245	226502	226511	516	19.9
random_query_sequence	database	100.000	10	0	0	504	513	227166	227175	516	19.9
random_query_sequence	database	92.308	13	1	0	766	778	227456	227468	516	19.9
random_query_sequence	database	100.000	10	0	0	541	550	228291	228300	516	19.9
random_query_sequence	database	87.500	16	2	0	637	652	233376	233391	516	19.9
random_query_sequence	database	100.000	10	0	0	150	159	236404	236413	516	19.9
random_query_sequence	database	100.000	10	0	0	593	602	236648	236657	516	19.9
random_query_sequence	database	92.308	13	1	0	303	315	239539	239551	516	19.9
random_query_sequence	database	92.308	13	1	0	405	417	241283	241295	516	19.9
random_query_sequence	database	100.000	10	0	0	354	363	241381	241390	516	19.9
random_query_sequence	database	100.000	10	0	0	605	614	244190	244199	516	19.9
random_query_sequence	database	100.000	10	0	0	504	513	244972	244981	516	19.9
random_query_sequence	database	100.000	10	0	0	672	681	245192	245201	516	19.9
random_query_sequence	database	92.308	13	1	0	428	440	245720	245732	516	19.9
random_query_sequence	database	92.308	13	1	0	163	175	245762	245774	516	19.9
random_query_sequence	database	92.308	13	1	0	690	702	246009	246021	516	19.9
random_query_sequence	database	100.000	10	0	0	294	303	247764	247773	516	19.9
random_query_sequence	database	92.308	13	1	0	282	294	251198	251210	516	19.9
random_query_sequence	database	100.000	10	0	0	794	803	251403	251412	516	19.9
random_query_sequence	database	100.000	10	0	0	168	177	251845	251854	516	19.9
random_query_sequence	database	84.211	19	3	0	645	663	252152	252170	516	19.9
random_query_sequence	database	100.000	10	0	0	598	607	253504	253513	516	19.9
random_query_sequence	database	100.000	10	0	0	730	739	253970	253979	516	19.9
random_query_sequence	database	100.000	10	0	0	429	438	255115	255124	516	19.9
random_query_sequence	database	100.000	10	0	0	407	416	255547	255556	516	19.9
random_query_sequence	database	100.000	10	0	0	202	211	256835	256844	516	19.9
random_query_sequence	database	100.000	10	0	0	796	805	257530	257539	516	19.9
random_query_sequence	database	92.308	13	1	0	649	661	262554	262566	516	19.9
random_query_sequence	database	100.000	10	0	0	153	162	263652	263661	516	19.9
random_query_sequence	database	92.308	13	1	0	668	680	263759	263771	516	19.9
random_query_sequence	database	100.000	10	0	0	240	249	264659	264668	516	19.9
random_query_sequence	database	100.000	10	0	0	98	107	266058	266067	516	19.9
random_query_sequence	database	92.308	13	1	0	19	31	266495	266507	516	19.9
random_query_sequence	database	87.500	16	2	0	15	30	268926	268941	516	19.9
random_query_sequence	database	92.308	13	1	0	771	783	271001	271013	516	19.9
random_query_sequence	database	100.000	10	0	0	744	753	272084	272093	516	19.9
random_query_sequence	database	92.308	13	1	0	436	448	272783	272795	516	19.9
random_query_sequence	database	92.308	13	1	0	592	604	275282	275294	516	19.9
random_query_sequence	database	92.308	13	1	0	482	494	275671	275683	516	19.9
random_query_sequence	database	100.000	10	0	0	507	516	275704	275713	516	19.9
random_query_sequence	database	100.000	10	0	0	459	468	277212	277221	516	19.9
random_query_sequence	database	100.000	10	0	0	618	627	279464	279473	516	19.9
random_query_sequence	database	100.000	10	0	0	151	160	280399	280408	516	19.9
random_query_sequence	database	100.000	10	0	0	727	736	280635	280644	516	19.9
random_query_sequence	database	100.000	10	0	0	372	381	280766	280775	516	19.9
random_query_sequence	database	100.000	10	0	0	505	514	282015	282024	516	19.9
random_query_sequence	database	100.000	10	0	0	752	761	282273	282282	516	19.9
random_query_sequence	database	100.000	10	0	0	236	245	283692	283701	516	19.9
random_query_sequence	database	87.500	16	2	0	230	245	283910	283925	516	19.9
random_query_sequence	database	100.000	10	0	0	104	113	285218	285227	516	19.9
random_query_sequence	database	84.211	19	3	0	436	454	286096	286114	516	19.9
random_query_sequence	database	100.000	10	0	0	545	554	286621	286630	516	19.9
random_query_sequence	database	100.000	10	0	0	551	560	287337	287346	516	19.9
random_query_sequence	database	100.000	10	0	0	672	681	287552	287561	516	19.9
random_query_sequence	database	100.000	10	0	0	467	476	288279	288288	516	19.9
random_query_sequence	database	100.000	10	0	0	622	631	289232	289241	516	19.9
random_query_sequence	database	92.308	13	1	0	284	296	289467	289479	516	19.9
random_query_sequence	database	100.000	10	0	0	51	60	291132	291141	516	19.9
random_query_sequence	database	100.000	10	0	0	467	476	292073	292082	516	19.9
random_query_sequence	database	100.000	10	0	0	557	566	292817	292826	516	19.9
random_query_sequence	database	92.308	13	1	0	607	619	293771	293783	516	19.9
random_query_sequence	database	100.000	10	0	0	550	559	295041	295050	516	19.9
random_query_sequence	database	100.000	10	0	0	663	672	295772	295781	516	19.9
random_query_sequence	database	100.000	10	0	0	673	682	296042	296051	516	19.9
random_query_sequence	database	92.308	13	1	0	284	296	297293	297305	516	19.9
random_query_sequence	database	100.000	10	0	0	51	60	298908	298917	516	19.9
random_query_sequence	database	92.308	13	1	0	607	619	301508	301520	516	19.9
random_query_sequence	database	100.000	10	0	0	543	552	301654	301663	516	19.9
random_query_sequence	database	84.211	19	3	0	30	48	303181	303199	516	19.9
random_query_sequence	database	100.000	10	0	0	75	84	303815	303824	516	19.9
random_query_sequence	database	100.000	10	0	0	51	60	305115	305124	516	19.9
random_query_sequence	database	100.000	10	0	0	631	640	306048	306057	516	19.9
random_query_sequence	database	100.000	10	0	0	820	829	306834	306843	516	19.9
random_query_sequence	database	100.000	10	0	0	802	811	307535	307544	516	19.9
random_query_sequence	database	92.308	13	1	0	607	619	307820	307832	516	19.9
random_query_sequence	database	92.308	13	1	0	794	806	309983	309995	516	19.9
random_query_sequence	database	87.500	16	2	0	191	206	310350	310365	516	19.9
random_query_sequence	database	87.500	16	2	0	583	598	310705	310720	516	19.9
random_query_sequence	database	100.000	10	0	0	137	146	312151	312160	516	19.9
random_query_sequence	database	92.308	13	1	0	405	417	312166	312178	516	19.9
random_query_sequence	database	100.000	10	0	0	811	820	313067	313076	516	19.9
random_query_sequence	database	92.308	13	1	0	612	624	313834	313846	516	19.9
random_query_sequence	database	100.000	10	0	0	754	763	314197	314206	516	19.9
random_query_sequence	database	100.000	10	0	0	813	822	320126	320135	516	19.9
random_query_sequence	database	100.000	10	0	0	403	412	320227	320236	516	19.9
random_query_sequence	database	92.308	13	1	0	299	311	320617	320629	516	19.9
random_query_sequence	database	100.000	10	0	0	736	745	321549	321558	516	19.9
random_query_sequence	database	92.308	13	1	0	814	826	321590	321602	516	19.9
random_query_sequence	database	100.000	10	0	0	405	414	322409	322418	516	19.9
random_query_sequence	database	92.308	13	1	0	233	245	322691	322703	516	19.9
random_query_sequence	database	100.000	10	0	0	746	755	323876	323885	516	19.9
random_query_sequence	database	92.308	13	1	0	134	146	323980	323992	516	19.9
random_query_sequence	database	100.000	10	0	0	713	722	325430	325439	516	19.9
random_query_sequence	database	92.308	13	1	0	767	779	326941	326953	516	19.9
random_query_sequence	database	92.308	13	1	0	757	769	328539	328551	516	19.9
random_query_sequence	database	100.000	10	0	0	575	584	329150	329159	516	19.9
random_query_sequence	database	92.308	13	1	0	449	461	330694	330706	516	19.9
random_query_sequence	database	92.308	13	1	0	650	662	330751	330763	516	19.9
random_query_sequence	database	100.000	10	0	0	575	584	332513	332522	516	19.9
random_query_sequence	database	100.000	10	0	0	811	820	333728	333737	516	19.9
random_query_sequence	database	100.000	10	0	0	479	488	333960	333969	516	19.9
random_query_sequence	database	100.000	10	0	0	292	301	339736	339745	516	19.9
random_query_sequence	database	100.000	10	0	0	729	738	340082	340091	516	19.9
random_query_sequence	database	92.308	13	1	0	626	638	341016	341028	516	19.9
random_query_sequence	database	100.000	10	0	0	798	807	341956	341965	516	19.9
random_query_sequence	database	92.308	13	1	0	711	723	344213	344225	516	19.9
random_query_sequence	database	100.000	10	0	0	815	824	347065	347074	516	19.9
random_query_sequence	database	92.308	13	1	0	358	370	347192	347204	516	19.9
random_query_sequence	database	92.308	13	1	0	351	363	347796	347808	516	19.9
random_query_sequence	database	100.000	10	0	0	65	74	348716	348725	516	19.9
random_query_sequence	database	100.000	10	0	0	742	751	350141	350150	516	19.9
random_query_sequence	database	92.308	13	1	0	358	370	350844	350856	516	19.9
random_query_sequence	database	100.000	10	0	0	518	527	354219	354228	516	19.9
random_query_sequence	database	92.308	13	1	0	696	708	354430	354442	516	19.9
random_query_sequence	database	100.000	10	0	0	547	556	358511	358520	516	19.9
random_query_sequence	database	100.000	10	0	0	507	516	359086	359095	516	19.9
random_query_sequence	database	100.000	10	0	0	325	334	360405	360414	516	19.9
random_query_sequence	database	100.000	10	0	0	621	630	361556	361565	516	19.9
random_query_sequence	database	87.500	16	2	0	634	649	363260	363275	516	19.9
random_query_sequence	database	92.308	13	1	0	212	224	363833	363845	516	19.9
random_query_sequence	database	100.000	10	0	0	796	805	363876	363885	516	19.9
random_query_sequence	database	100.000	10	0	0	428	437	364360	364369	516	19.9
random_query_sequence	database	100.000	10	0	0	430	439	364458	364467	516	19.9
random_query_sequence	database	100.000	10	0	0	295	304	364678	364687	516	19.9
random_query_sequence	database	81.818	22	4	0	746	767	365503	365524	516	19.9
random_query_sequence	database	100.000	10	0	0	761	770	369708	369717	516	19.9
random_query_sequence	database	92.308	13	1	0	712	724	369987	369999	516	19.9
random_query_sequence	database	92.308	13	1	0	726	738	370327	370339	516	19.9
random_query_sequence	database	100.000	10	0	0	113	122	370451	370460	516	19.9
random_query_sequence	database	92.308	13	1	0	813	825	371765	371777	516	19.9
random_query_sequence	database	92.308	13	1	0	258	270	372028	372040	516	19.9
random_query_sequence	database	92.308	13	1	0	539	551	372335	372347	516	19.9
random_query_sequence	database	92.308	13	1	0	411	423	372443	372455	516	19.9
random_query_sequence	database	100.000	10	0	0	164	173	373417	373426	516	19.9
random_query_sequence	database	84.211	19	3	0	343	361	376197	376215	516	19.9
random_query_sequence	database	92.308	13	1	0	196	208	376414	376426	516	19.9
random_query_sequence	database	87.500	16	2	0	526	541	379588	379603	516	19.9
random_query_sequence	database	92.308	13	1	0	167	179	380165	380177	516	19.9
random_query_sequence	database	100.000	10	0	0	21	30	381292	381301	516	19.9
random_query_sequence	database	84.211	19	3	0	24	42	381331	381349	516	19.9
random_query_sequence	database	100.000	10	0	0	551	560	381961	381970	516	19.9
random_query_sequence	database	100.000	10	0	0	462	471	382114	382123	516	19.9
random_query_sequence	database	100.000	10	0	0	592	601	382277	382286	516	19.9
random_query_sequence	database	87.500	16	2	0	731	746	383328	383343	516	19.9
random_query_sequence	database	100.000	10	0	0	746	755	384914	384923	516	19.9
random_query_sequence	database	100.000	10	0	0	221	230	384989	384998	516	19.9
random_query_sequence	database	100.000	10	0	0	680	689	385466	385475	516	19.9
random_query_sequence	database	92.308	13	1	0	372	384	386030	386042	516	19.9
random_query_sequence	database	100.000	10	0	0	237	246	386146	386155	516	19.9
random_query_sequence	database	100.000	10	0	0	306	315	386248	386257	516	19.9
random_query_sequence	database	92.308	13	1	0	386	398	392718	392730	516	19.9
random_query_sequence	database	100.000	10	0	0	623	632	392808	392817	516	19.9
random_query_sequence	database	100.000	10	0	0	819	828	393106	393115	516	19.9
random_query_sequence	database	100.000	10	0	0	605	614	393966	393975	516	19.9
random_query_sequence	database	100.000	10	0	0	550	559	394436	394445	516	19.9
random_query_sequence	database	92.308	13	1	0	145	157	394453	394465	516	19.9
random_query_sequence	database	100.000	10	0	0	235	244	394770	394779	516	19.9
random_query_sequence	database	100.000	10	0	0	47	56	395437	395446	516	19.9
random_query_sequence	database	100.000	10	0	0	390	399	396953	396962	516	19.9
random_query_sequence	database	100.000	10	0	0	792	801	397550	397559	516	19.9
random_query_sequence	database	100.000	10	0	0	360	369	398269	398278	516	19.9
random_query_sequence	database	100.000	10	0	0	239	248	399209	399218	516	19.9
random_query_sequence	database	87.500	16	2	0	596	611	399385	399400	516	19.9
random_query_sequence	database	100.000	10	0	0	43	52	400084	400093	516	19.9
random_query_sequence	database	87.500	16	2	0	436	451	401703	401718	516	19.9
random_query_sequence	database	87.500	16	2	0	553	568	402810	402825	516	19.9
random_query_sequence	database	100.000	10	0	0	544	553	402813	402822	516	19.9
random_query_sequence	database	92.308	13	1	0	116	128	407342	407354	516	19.9
random_query_sequence	database	87.500	16	2	0	292	307	407601	407616	516	19.9
random_query_sequence	database	100.000	10	0	0	503	512	411254	411263	516	19.9
random_query_sequence	database	92.308	13	1	0	269	281	411268	411280	516	19.9
random_query_sequence	database	100.000	10	0	0	179	188	411859	411868	516	19.9
random_query_sequence	database	92.308	13	1	0	19	31	411928	411940	516	19.9
random_query_sequence	database	92.308	13	1	0	557	569	413456	413468	516	19.9
random_query_sequence	database	100.000	10	0	0	464	473	415875	415884	516	19.9
random_query_sequence	database	100.000	10	0	0	22	31	416106	416115	516	19.9
random_query_sequence	database	92.308	13	1	0	724	736	420572	420584	516	19.9
random_query_sequence	database	100.000	10	0	0	284	293	421961	421970	516	19.9
random_query_sequence	database	87.500	16	2	0	382	397	423735	423750	516	19.9
random_query_sequence	database	100.000	10	0	0	832	841	424365	424374	516	19.9
random_query_sequence	database	84.211	19	3	0	793	811	424487	424505	516	19.9
random_query_sequence	database	100.000	10	0	0	465	474	425947	425956	516	19.9
random_query_sequence	database	92.308	13	1	0	10	22	426810	426822	516	19.9
random_query_sequence	database	100.000	10	0	0	632	641	427271	427280	516	19.9
random_query_sequence	database	92.308	13	1	0	663	675	428999	429011	516	19.9
random_query_sequence	database	100.000	10	0	0	811	820	429603	429612	516	19.9
random_query_sequence	database	100.000	10	0	0	538	547	429996	430005	516	19.9
random_query_sequence	database	100.000	10	0	0	550	559	430983	430992	516	19.9
random_query_sequence	database	100.000	10	0	0	21	30	431235	431244	516	19.9
random_query_sequence	database	92.308	13	1	0	508	520	431377	431389	516	19.9
random_query_sequence	database	100.000	10	0	0	593	602	431536	431545	516	19.9
random_query_sequence	database	87.500	16	2	0	812	827	432838	432853	516	19.9
random_query_sequence	database	100.000	10	0	0	503	512	433612	433621	516	19.9
random_query_sequence	database	100.000	10	0	0	502	511	434470	434479	516	19.9
random_query_sequence	database	92.308	13	1	0	33	45	434832	434844	516	19.9
random_query_sequence	database	92.308	13	1	0	519	531	435053	435065	516	19.9
random_query_sequence	database	100.000	10	0	0	375	384	437192	437201	516	19.9
random_query_sequence	database	100.000	10	0	0	707	716	437562	437571	516	19.9
random_query_sequence	database	100.000	10	0	0	505	514	439123	439132	516	19.9
random_query_sequence	database	100.000	10	0	0	142	151	439913	439922	516	19.9
random_query_sequence	database	92.308	13	1	0	49	61	440300	440312	516	19.9
random_query_sequence	database	100.000	10	0	0	213	222	441551	441560	516	19.9
random_query_sequence	database	100.000	10	0	0	464	473	442020	442029	516	19.9
random_query_sequence	database	87.500	16	2	0	129	144	443241	443256	516	19.9
random_query_sequence	database	100.000	10	0	0	667	676	446348	446357	516	19.9
random_query_sequence	database	100.000	10	0	0	18	27	447586	447595	516	19.9
random_query_sequence	database	87.500	16	2	0	699	714	448573	448588	516	19.9
random_query_sequence	database	100.000	10	0	0	17	26	448760	448769	516	19.9
random_query_sequence	database	100.000	10	0	0	503	512	449663	449672	516	19.9
random_query_sequence	database	92.308	13	1	0	640	652	451655	451667	516	19.9
random_query_sequence	database	100.000	10	0	0	373	382	452860	452869	516	19.9
random_query_sequence	database	100.000	10	0	0	450	459	452920	452929	516	19.9
random_query_sequence	database	92.308	13	1	0	46	58	453242	453254	516	19.9
random_query_sequence	database	92.308	13	1	0	228	240	454575	454587	516	19.9
random_query_sequence	database	100.000	10	0	0	40	49	454661	454670	516	19.9
random_query_sequence	database	92.308	13	1	0	561	573	455028	455040	516	19.9
random_query_sequence	database	87.500	16	2	0	616	631	457294	457309	516	19.9
random_query_sequence	database	87.500	16	2	0	746	761	458259	458274	516	19.9
random_query_sequence	database	100.000	10	0	0	181	190	461224	461233	516	19.9
random_query_sequence	database	100.000	10	0	0	672	681	462406	462415	516	19.9
random_query_sequence	database	100.000	10	0	0	519	528	463030	463039	516	19.9
random_query_sequence	database	92.308	13	1	0	375	387	463233	463245	516	19.9
random_query_sequence	database	92.308	13	1	0	295	307	463333	463345	516	19.9
random_query_sequence	database	100.000	10	0	0	185	194	463333	463342	516	19.9
random_query_sequence	database	92.308	13	1	0	89	101	464114	464126	516	19.9
random_query_sequence	database	92.308	13	1	0	573	585	464209	464221	516	19.9
random_query_sequence	database	100.000	10	0	0	374	383	464224	464233	516	19.9
random_query_sequence	database	100.000	10	0	0	759	768	464255	464264	516	19.9
random_query_sequence	database	92.308	13	1	0	673	685	466058	466070	516	19.9
random_query_sequence	database	100.000	10	0	0	796	805	469766	469775	516	19.9
random_query_sequence	database	100.000	10	0	0	504	513	472727	472736	516	19.9
random_query_sequence	database	100.000	10	0	0	793	802	473779	473788	516	19.9
random_query_sequence	database	100.000	10	0	0	504	513	474827	474836	516	19.9
random_query_sequence	database	100.000	10	0	0	504	513	478051	478060	516	19.9
random_query_sequence	database	92.308	13	1	0	755	767	478100	478112	516	19.9
random_query_sequence	database	100.000	10	0	0	403	412	479891	479900	516	19.9
random_query_sequence	database	100.000	10	0	0	499	508	481602	481611	516	19.9
random_query_sequence	database	100.000	10	0	0	429	438	481656	481665	516	19.9
random_query_sequence	database	100.000	10	0	0	802	811	482429	482438	516	19.9
random_query_sequence	database	100.000	10	0	0	462	471	484688	484697	516	19.9
random_query_sequence	database	100.000	10	0	0	225	234	486238	486247	516	19.9
random_query_sequence	database	92.308	13	1	0	501	513	486759	486771	516	19.9
random_query_sequence	database	87.500	16	2	0	307	322	486846	486861	516	19.9
random_query_sequence	database	100.000	10	0	0	666	675	489140	489149	516	19.9
random_query_sequence	database	100.000	10	0	0	265	274	489834	489843	516	19.9
random_query_sequence	database	100.000	10	0	0	550	559	492845	492854	516	19.9
random_query_sequence	database	87.500	16	2	0	17	32	494641	494656	516	19.9
random_query_sequence	database	100.000	10	0	0	819	828	495273	495282	516	19.9
random_query_sequence	database	100.000	10	0	0	743	752	495311	495320	516	19.9
random_query_sequence	database	100.000	10	0	0	671	680	495647	495656	516	19.9
random_query_sequence	database	100.000	10	0	0	16	25	495776	495785	516	19.9
random_query_sequence	database	92.308	13	1	0	47	59	497087	497099	516	19.9
random_query_sequence	database	100.000	10	0	0	625	634	497527	497536	516	19.9
random_query_sequence	database	100.000	10	0	0	223	232	499390	499399	516	19.9
random_query_sequence	database	92.308	13	1	0	12	24	499928	499940	516	19.9
random_query_sequence	database	100.000	10	0	0	182	191	500098	500107	516	19.9
random_query_sequence	database	92.308	13	1	0	487	499	500976	500988	516	19.9
random_query_sequence	database	100.000	10	0	0	401	410	502341	502350	516	19.9
random_query_sequence	database	92.308	13	1	0	287	299	504038	504050	516	19.9
random_query_sequence	database	100.000	10	0	0	808	817	505196	505205	516	19.9
random_query_sequence	database	100.000	10	0	0	408	417	506346	506355	516	19.9
random_query_sequence	database	92.308	13	1	0	55	67	507222	507234	516	19.9
random_query_sequence	database	100.000	10	0	0	812	821	508591	508600	516	19.9
random_query_sequence	database	84.211	19	3	0	476	494	509360	509378	516	19.9
random_query_sequence	database	100.000	10	0	0	375	384	509724	509733	516	19.9
random_query_sequence	database	100.000	10	0	0	805	814	510436	510445	516	19.9
random_query_sequence	database	87.500	16	2	0	176	191	510883	510898	516	19.9
random_query_sequence	database	92.308	13	1	0	538	550	511255	511267	516	19.9
random_query_sequence	database	92.308	13	1	0	373	385	512583	512595	516	19.9
random_query_sequence	database	92.308	13	1	0	178	190	513219	513231	516	19.9
random_query_sequence	database	100.000	10	0	0	626	635	513734	513743	516	19.9
random_query_sequence	database	100.000	10	0	0	285	294	516353	516362	516	19.9
random_query_sequence	database	100.000	10	0	0	13	22	517165	517174	516	19.9
random_query_sequence	database	100.000	10	0	0	464	473	518523	518532	516	19.9
random_query_sequence	database	87.500	16	2	0	809	824	519591	519606	516	19.9
random_query_sequence	database	100.000	10	0	0	563	572	521096	521105	516	19.9
random_query_sequence	database	84.211	19	3	0	108	126	522939	522957	516	19.9
random_query_sequence	database	100.000	10	0	0	816	825	523501	523510	516	19.9
random_query_sequence	database	100.000	10	0	0	356	365	524682	524691	516	19.9
random_query_sequence	database	100.000	10	0	0	742	751	525230	525239	516	19.9
random_query_sequence	database	87.500	16	2	0	33	48	525695	525710	516	19.9
random_query_sequence	database	100.000	10	0	0	2	11	526052	526061	516	19.9
random_query_sequence	database	92.308	13	1	0	647	659	526865	526877	516	19.9
random_query_sequence	database	100.000	10	0	0	741	750	527445	527454	516	19.9
random_query_sequence	database	100.000	10	0	0	465	474	527810	527819	516	19.9
random_query_sequence	database	92.308	13	1	0	706	718	527939	527951	516	19.9
random_query_sequence	database	92.308	13	1	0	371	383	530109	530121	516	19.9
random_query_sequence	database	100.000	10	0	0	663	672	530343	530352	516	19.9
random_query_sequence	database	92.308	13	1	0	551	563	530919	530931	516	19.9
random_query_sequence	database	100.000	10	0	0	467	476	531107	531116	516	19.9
random_query_sequence	database	92.308	13	1	0	700	712	531493	531505	516	19.9
random_query_sequence	database	100.000	10	0	0	468	477	532116	532125	516	19.9
random_query_sequence	database	100.000	10	0	0	742	751	534880	534889	516	19.9
random_query_sequence	database	100.000	10	0	0	540	549	535174	535183	516	19.9
random_query_sequence	database	100.000	10	0	0	209	218	535212	535221	516	19.9
random_query_sequence	database	92.308	13	1	0	790	802	535910	535922	516	19.9
random_query_sequence	database	100.000	10	0	0	744	753	537995	538004	516	19.9
random_query_sequence	database	100.000	10	0	0	461	470	538270	538279	516	19.9
random_query_sequence	database	100.000	10	0	0	207	216	538876	538885	516	19.9
random_query_sequence	database	100.000	10	0	0	523	532	541738	541747	516	19.9
random_query_sequence	database	100.000	10	0	0	560	569	542022	542031	516	19.9
random_query_sequence	database	100.000	10	0	0	550	559	543469	543478	516	19.9
random_query_sequence	database	100.000	10	0	0	147	156	545310	545319	516	19.9
random_query_sequence	database	100.000	10	0	0	397	406	547481	547490	516	19.9
random_query_sequence	database	100.000	10	0	0	352	361	548047	548056	516	19.9
random_query_sequence	database	100.000	10	0	0	357	366	548358	548367	516	19.9
random_query_sequence	database	100.000	10	0	0	306	315	548461	548470	516	19.9
random_query_sequence	database	80.000	25	5	0	406	430	549190	549214	516	19.9
random_query_sequence	database	100.000	10	0	0	287	296	550369	550378	516	19.9
random_query_sequence	database	100.000	10	0	0	467	476	551422	551431	516	19.9
random_query_sequence	database	92.308	13	1	0	548	560	552486	552498	516	19.9
random_query_sequence	database	87.500	16	2	0	474	489	553104	553119	516	19.9
random_query_sequence	database	87.500	16	2	0	811	826	553360	553375	516	19.9
random_query_sequence	database	100.000	10	0	0	138	147	554511	554520	516	19.9
random_query_sequence	database	100.000	10	0	0	637	646	554880	554889	516	19.9
random_query_sequence	database	87.500	16	2	0	466	481	555006	555021	516	19.9
random_query_sequence	database	100.000	10	0	0	424	433	555385	555394	516	19.9
random_query_sequence	database	92.308	13	1	0	429	441	556279	556291	516	19.9
random_query_sequence	database	100.000	10	0	0	637	646	556356	556365	516	19.9
random_query_sequence	database	100.000	10	0	0	793	802	557598	557607	516	19.9
random_query_sequence	database	92.308	13	1	0	19	31	560014	560026	516	19.9
random_query_sequence	database	100.000	10	0	0	837	846	560158	560167	516	19.9
random_query_sequence	database	92.308	13	1	0	177	189	560354	560366	516	19.9
random_query_sequence	database	84.211	19	3	0	9	27	562667	562685	516	19.9
random_query_sequence	database	92.308	13	1	0	18	30	562858	562870	516	19.9
random_query_sequence	database	100.000	10	0	0	285	294	562947	562956	516	19.9
random_query_sequence	database	92.308	13	1	0	472	484	563658	563670	516	19.9
random_query_sequence	database	100.000	10	0	0	755	764	563795	563804	516	19.9
random_query_sequence	database	92.308	13	1	0	13	25	564273	564285	516	19.9
random_query_sequence	database	92.308	13	1	0	796	808	566920	566932	516	19.9
random_query_sequence	database	100.000	10	0	0	756	765	567193	567202	516	19.9
random_query_sequence	database	100.000	10	0	0	407	416	567602	567611	516	19.9
random_query_sequence	database	100.000	10	0	0	180	189	568009	568018	516	19.9
random_query_sequence	database	92.308	13	1	0	13	25	568022	568034	516	19.9
random_query_sequence	database	100.000	10	0	0	138	147	569556	569565	516	19.9
random_query_sequence	database	100.000	10	0	0	637	646	569923	569932	516	19.9
random_query_sequence	database	100.000	10	0	0	465	474	572053	572062	516	19.9
random_query_sequence	database	92.308	13	1	0	177	189	576172	576184	516	19.9
random_query_sequence	database	87.500	16	2	0	558	573	579632	579647	516	19.9
random_query_sequence	database	100.000	10	0	0	596	605	579953	579962	516	19.9
random_query_sequence	database	100.000	10	0	0	727	736	583433	583442	516	19.9
random_query_sequence	database	92.308	13	1	0	472	484	585689	585701	516	19.9
random_query_sequence	database	100.000	10	0	0	180	189	589820	589829	516	19.9
random_query_sequence	database	92.308	13	1	0	18	30	589993	590005	516	19.9
random_query_sequence	database	100.000	10	0	0	538	547	590464	590473	516	19.9
random_query_sequence	database	87.500	16	2	0	380	395	591481	591496	516	19.9
random_query_sequence	database	100.000	10	0	0	541	550	591535	591544	516	19.9
random_query_sequence	database	100.000	10	0	0	734	743	591587	591596	516	19.9
random_query_sequence	database	100.000	10	0	0	742	751	592104	592113	516	19.9
random_query_sequence	database	100.000	10	0	0	151	160	592187	592196	516	19.9
random_query_sequence	database	100.000	10	0	0	415	424	592535	592544	516	19.9
random_query_sequence	database	100.000	10	0	0	654	663	593182	593191	516	19.9
random_query_sequence	database	100.000	10	0	0	3	12	594505	594514	516	19.9
random_query_sequence	database	100.000	10	0	0	247	256	595034	595043	516	19.9
random_query_sequence	database	100.000	10	0	0	715	724	595343	595352	516	19.9
random_query_sequence	database	100.000	10	0	0	504	513	595986	595995	516	19.9
random_query_sequence	database	87.500	16	2	0	720	735	596615	596630	516	19.9
random_query_sequence	database	100.000	10	0	0	403	412	597315	597324	516	19.9
random_query_sequence	database	100.000	10	0	0	789	798	599428	599437	516	19.9
random_query_sequence	database	100.000	10	0	0	458	467	600391	600400	516	19.9
random_query_sequence	database	100.000	10	0	0	452	461	602610	602619	516	19.9
random_query_sequence	database	87.500	16	2	0	645	660	602612	602627	516	19.9
random_query_sequence	database	92.308	13	1	0	527	539	603510	603522	516	19.9
random_query_sequence	database	87.500	16	2	0	568	583	604137	604152	516	19.9
random_query_sequence	database	100.000	10	0	0	151	160	604140	604149	516	19.9
